0,1,2,3,4,5,6,7,8,9,10,11,12,13,14,15,16,17,18,19
1.0,1.0,1.0,1.0,1.0452191e-32,1.0,1.0,1.0,1.0,1.0,0.0,1.0,1.0,0.0,0.99965805,1.0,0.0,1.0,2.7176273e-31,0.0
1.0,1.0,1.0,1.0,0.0,1.0,1.0,0.9999273,1.0,1.0,0.0,1.0,1.0,1.1844996e-35,0.05367677,1.0,0.0,1.0,2.1546635e-24,0.0
1.0,1.0,1.0,1.0,0.0,1.0,1.0,0.99990034,1.0,1.0,0.0,1.0,1.0,2.7291832e-36,0.026245823,1.0,0.0,1.0,3.842422e-24,0.0
1.0,1.0,1.0,1.0,0.0,1.0,0.9999986,0.8554653,1.0,1.0,0.0,1.0,1.0,2.3399341e-33,0.00020442953,0.9999999,0.0,1.0,1.1294428e-20,0.0
1.0,1.0,1.0,1.0,0.0,1.0,0.9999994,0.8592384,1.0,1.0,0.0,1.0,1.0,4.8746098e-33,0.00031091538,1.0,0.0,1.0,9.85546e-21,0.0
1.0,1.0,1.0,1.0,0.0,1.0,0.99999934,0.91030276,1.0,1.0,0.0,1.0,1.0,4.2390134e-33,0.00075574085,1.0,0.0,1.0,5.356277e-21,0.0
1.0,1.0,1.0,1.0,2.7355467e-32,1.0,1.0,1.0,1.0,1.0,0.0,1.0,1.0,0.0,0.9998221,1.0,0.0,1.0,4.286281e-34,0.0
1.0,1.0,1.0,1.0,7.904801e-38,1.0,1.0,1.0,1.0,1.0,0.0,1.0,1.0,0.0,0.9999864,1.0,0.0,1.0,1.1910838e-34,0.0
1.0,1.0,1.0,1.0,7.965766e-38,1.0,1.0,1.0,1.0,1.0,0.0,1.0,1.0,0.0,0.9999859,1.0,0.0,1.0,2.2328977e-35,0.0
1.0,1.0,1.0,1.0,4.254807e-34,1.0,1.0,1.0,1.0,1.0,0.0,1.0,1.0,0.0,0.9999899,1.0,0.0,1.0,5.609608e-35,0.0
1.0,1.0,1.0,1.0,6.846338e-37,1.0,1.0,1.0,1.0,1.0,0.0,1.0,1.0,0.0,0.9999881,1.0,0.0,1.0,7.559561e-35,0.0
1.0,1.0,1.0,1.0,4.612015e-35,1.0,1.0,1.0,1.0,1.0,0.0,1.0,1.0,0.0,0.9999684,1.0,0.0,1.0,2.2097744e-34,0.0
1.0,1.0,1.0,1.0,1.490322e-27,1.0,1.0,1.0,1.0,1.0,0.0,1.0,1.0,0.0,0.9934088,1.0,0.0,1.0,6.8874482e-34,0.0
1.0,1.0,1.0,1.0,5.1286025e-32,1.0,1.0,1.0,1.0,1.0,0.0,1.0,1.0,0.0,0.99941283,1.0,0.0,1.0,1.1802468e-34,0.0
1.0,1.0,1.0,1.0,1.1476422e-32,1.0,1.0,1.0,1.0,1.0,0.0,1.0,1.0,0.0,0.99999714,1.0,0.0,1.0,8.084367e-36,0.0
1.0,1.0,1.0,1.0,5.2139216e-31,1.0,1.0,1.0,1.0,1.0,0.0,1.0,1.0,0.0,0.99898493,1.0,0.0,1.0,1.2890778e-34,0.0
1.0,1.0,1.0,1.0,5.2521057e-25,1.0,1.0,1.0,1.0,1.0,0.0,1.0,1.0,0.0,0.9929389,1.0,0.0,1.0,1.7018976e-34,0.0
1.0,1.0,1.0,1.0,5.1795987e-34,1.0,1.0,1.0,1.0,1.0,0.0,1.0,1.0,0.0,0.9999764,1.0,0.0,1.0,1.6696477e-35,0.0
1.0,1.0,1.0,1.0,6.628595e-09,1.0,1.0,1.0,1.0,1.0,0.0,1.0,1.0,0.0,1.0,1.0,0.0,1.0,0.0,0.0
1.0,1.0,1.0,1.0,1.5903921e-32,1.0,1.0,1.0,1.0,1.0,0.0,1.0,1.0,0.0,0.99987966,1.0,0.0,1.0,4.830254e-35,0.0
1.0,1.0,1.0,1.0,2.0547674e-35,1.0,1.0,1.0,1.0,1.0,0.0,1.0,1.0,0.0,0.9999985,1.0,0.0,1.0,2.5602142e-36,0.0
1.0,1.0,1.0,1.0,4.0257546e-36,1.0,1.0,1.0,1.0,1.0,0.0,1.0,1.0,0.0,0.99998415,1.0,0.0,1.0,2.4384032e-35,0.0
1.0,1.0,1.0,1.0,6.815248e-38,1.0,1.0,1.0,1.0,1.0,0.0,1.0,1.0,0.0,0.99995494,1.0,0.0,1.0,3.2623343e-35,0.0
1.0,1.0,1.0,1.0,0.0,1.0,1.0,1.0,1.0,1.0,0.0,1.0,1.0,0.0,0.99998516,1.0,0.0,1.0,1.5865055e-35,0.0
1.0,1.0,1.0,1.0,1.7809667e-37,1.0,1.0,1.0,1.0,1.0,0.0,1.0,1.0,0.0,0.9999811,1.0,0.0,1.0,2.0665271e-35,0.0
1.0,1.0,1.0,1.0,1.4081804e-19,1.0,1.0,1.0,1.0,1.0,0.0,1.0,1.0,0.0,1.0,1.0,0.0,1.0,0.0,0.0
1.0,1.0,1.0,1.0,1.682321e-33,1.0,1.0,1.0,1.0,1.0,0.0,1.0,1.0,0.0,0.9999979,1.0,0.0,1.0,3.6785465e-36,0.0
1.0,1.0,1.0,1.0,1.0460991e-20,1.0,1.0,1.0,1.0,1.0,0.0,1.0,1.0,0.0,1.0,1.0,0.0,1.0,0.0,0.0
1.0,1.0,1.0,1.0,5.9358963e-36,1.0,1.0,1.0,1.0,1.0,0.0,1.0,1.0,0.0,0.99999666,1.0,0.0,1.0,1.2710056e-35,0.0
1.0,1.0,1.0,1.0,2.2525085e-33,1.0,1.0,1.0,1.0,1.0,0.0,1.0,1.0,0.0,0.9999979,1.0,0.0,1.0,8.413855e-36,0.0
1.0,1.0,1.0,1.0,5.521068e-32,1.0,1.0,1.0,1.0,1.0,0.0,1.0,1.0,0.0,0.99999964,1.0,0.0,1.0,4.7745943e-37,0.0
1.0,1.0,1.0,1.0,9.55239e-35,1.0,1.0,1.0,1.0,1.0,0.0,1.0,1.0,0.0,0.9999997,1.0,0.0,1.0,3.1459472e-36,0.0
0.8313938,1.0,1.0,1.0,1.7907115e-07,1.0,1.0,1.0,1.0,1.0,0.0,1.0,0.16638044,0.0,1.0,1.0,0.0,1.0,0.0,1.152364e-37
1.0,1.0,1.0,1.0,2.2466753e-31,1.0,1.0,1.0,1.0,1.0,0.0,1.0,1.0,0.0,0.9999999,1.0,0.0,1.0,4.8696933e-37,0.0
0.9999709,1.0,1.0,1.0,1.0109622e-11,1.0,1.0,1.0,1.0,1.0,0.0,1.0,0.98773605,0.0,1.0,1.0,0.0,1.0,0.0,0.0
1.0,1.0,1.0,1.0,9.227417e-38,1.0,1.0,1.0,1.0,1.0,0.0,1.0,1.0,0.0,0.9670216,1.0,0.0,1.0,6.1512668e-30,0.0
1.0,1.0,1.0,1.0,2.1496702e-33,1.0,1.0,1.0,1.0,1.0,0.0,1.0,1.0,0.0,0.99314326,1.0,0.0,1.0,9.800374e-31,0.0
1.0,1.0,1.0,1.0,1.5791167e-33,1.0,1.0,1.0,1.0,1.0,0.0,1.0,1.0,0.0,0.43456325,1.0,0.0,1.0,1.6419373e-29,0.0
1.0,1.0,1.0,1.0,2.400018e-31,1.0,1.0,1.0,1.0,1.0,0.0,1.0,1.0,0.0,0.1863706,1.0,0.0,1.0,1.8047605e-29,0.0
1.0,1.0,1.0,1.0,3.002443e-30,1.0,0.99996656,0.9999562,1.0,1.0,0.0,1.0,1.0,0.0,0.9995746,1.0,0.0,1.0,1.2795384e-20,0.0
1.0,1.0,1.0,1.0,4.5270708e-29,1.0,0.9999348,0.999914,1.0,1.0,0.0,1.0,1.0,0.0,0.99942464,1.0,0.0,1.0,1.8890164e-20,0.0
1.0,1.0,1.0,1.0,6.518397e-33,1.0,0.99999994,0.9999487,1.0,1.0,0.0,1.0,1.0,1.7801203e-34,5.8695837e-06,0.9960799,0.0,1.0,4.5273805e-22,0.0
1.0,1.0,1.0,1.0,3.4809367e-33,1.0,0.99999994,0.9999756,1.0,1.0,0.0,1.0,1.0,2.4036336e-34,9.771072e-06,0.99964505,0.0,1.0,2.7333495e-22,0.0
1.0,1.0,1.0,1.0,2.1293947e-35,1.0,1.0,0.99980134,1.0,1.0,0.0,1.0,1.0,3.427478e-34,1.4099198e-06,0.9965049,0.0,1.0,8.525478e-22,0.0
1.0,1.0,1.0,1.0,0.0,1.0,1.0,0.9999168,1.0,1.0,0.0,1.0,1.0,4.6368734e-34,0.00019112036,1.0,0.0,1.0,1.1836311e-22,0.0
1.0,1.0,1.0,1.0,0.0,1.0,1.0,0.99970394,1.0,1.0,0.0,1.0,1.0,5.219307e-34,2.6029864e-05,1.0,0.0,1.0,3.4430805e-22,0.0
1.0,1.0,1.0,1.0,0.0,1.0,1.0,0.99993247,1.0,1.0,0.0,1.0,1.0,2.4733681e-33,1.2168665e-05,1.0,0.0,1.0,3.201002e-22,0.0
1.0,1.0,1.0,1.0,0.0,1.0,1.0,0.99997014,1.0,1.0,0.0,1.0,1.0,6.672569e-33,0.011113425,1.0,0.0,1.0,2.0825095e-23,0.0
1.0,1.0,1.0,1.0,0.0,1.0,1.0,0.9999987,1.0,1.0,0.0,1.0,1.0,5.0480345e-31,0.0021932777,1.0,0.0,1.0,1.3244408e-23,0.0
1.0,1.0,1.0,1.0,0.0,1.0,1.0,0.9998995,1.0,1.0,0.0,1.0,1.0,3.2921163e-33,0.00032400497,1.0,0.0,1.0,7.688327e-23,0.0
1.0,1.0,1.0,1.0,0.0,1.0,1.0,0.9999927,1.0,1.0,0.0,1.0,1.0,7.107482e-36,0.020780144,1.0,0.0,1.0,8.8642104e-23,0.0
1.0,1.0,1.0,1.0,0.0,1.0,1.0,0.9999601,1.0,1.0,0.0,1.0,1.0,1.1296491e-36,0.37797984,1.0,0.0,1.0,4.3024572e-23,0.0
1.0,1.0,1.0,1.0,5.243791e-35,1.0,0.9999999,0.9999097,1.0,1.0,0.0,1.0,1.0,4.781265e-37,0.002948699,1.0,0.0,1.0,3.8490864e-22,0.0
1.0,1.0,1.0,1.0,2.0793374e-35,1.0,0.99999994,0.9999722,1.0,1.0,0.0,1.0,1.0,1.5342655e-36,0.0015555093,1.0,0.0,1.0,3.1502452e-22,0.0
0.99756765,1.0,1.0,1.0,0.96391,1.0,1.0,1.0,1.0,1.0,0.0,1.0,1.0,0.0,1.0,1.0,0.0,1.0,0.0,0.0
1.0,1.0,1.0,1.0,1.4597536e-33,1.0,0.99968493,0.1912808,1.0,1.0,0.0,1.0,1.0,1.2995523e-38,0.9979603,1.0,0.0,1.0,1.3008074e-15,0.0
1.0,1.0,1.0,1.0,1.5416636e-21,1.0,0.99999905,1.0,1.0,1.0,0.0,1.0,1.0,0.0,1.0,1.0,0.0,1.0,3.491328e-30,0.0
1.0,1.0,1.0,1.0,1.411184e-30,1.0,0.99994296,0.9998983,1.0,1.0,0.0,1.0,1.0,0.0,0.99999976,1.0,0.0,1.0,6.149374e-20,0.0
1.0,1.0,1.0,1.0,7.3019756e-28,1.0,1.0,1.0,1.0,1.0,0.0,1.0,1.0,0.0,0.9953027,1.0,0.0,1.0,5.0795644e-29,0.0
1.0,1.0,1.0,1.0,4.3089418e-32,1.0,1.0,1.0,1.0,1.0,0.0,1.0,1.0,0.0,0.9986779,1.0,0.0,1.0,4.9781257e-29,0.0
1.0,1.0,1.0,1.0,4.1471042e-35,1.0,1.0,1.0,1.0,1.0,0.0,1.0,1.0,0.0,0.99982965,1.0,0.0,1.0,1.5729274e-29,0.0
1.0,1.0,1.0,1.0,2.3980445e-36,1.0,1.0,1.0,1.0,1.0,0.0,1.0,1.0,0.0,0.99999964,1.0,0.0,1.0,9.450706e-31,0.0
1.0,1.0,1.0,1.0,6.1635824e-35,1.0,1.0,1.0,1.0,1.0,0.0,1.0,1.0,0.0,0.99995184,1.0,0.0,1.0,2.4474501e-29,0.0
1.0,1.0,1.0,1.0,2.8216628e-31,1.0,1.0,1.0,1.0,1.0,0.0,1.0,1.0,0.0,0.99792206,1.0,0.0,1.0,4.8484338e-29,0.0
1.0,1.0,1.0,1.0,0.0,1.0,0.9999992,0.3536609,1.0,1.0,0.0,1.0,1.0,9.926106e-33,0.0038370322,1.0,0.0,1.0,2.6815288e-19,0.0
1.0,1.0,1.0,1.0,9.992297e-16,1.0,0.9999999,1.0,1.0,1.0,0.0,1.0,1.0,0.0,1.0,1.0,0.0,1.0,1.658958e-33,0.0
1.0,1.0,1.0,1.0,2.079855e-18,1.0,1.0,1.0,1.0,1.0,0.0,1.0,1.0,0.0,1.0,1.0,0.0,1.0,7.523977e-34,0.0
1.0,1.0,1.0,1.0,1.5393036e-18,1.0,1.0,1.0,1.0,1.0,0.0,1.0,1.0,0.0,0.99993587,1.0,0.0,1.0,0.0,0.0
1.0,1.0,1.0,1.0,1.3229223e-21,1.0,1.0,1.0,1.0,1.0,0.0,1.0,1.0,0.0,0.9999777,1.0,0.0,1.0,0.0,0.0
1.0,1.0,1.0,1.0,1.6277073e-20,1.0,1.0,1.0,1.0,1.0,0.0,1.0,1.0,0.0,0.99998385,1.0,0.0,1.0,0.0,0.0
1.0,1.0,1.0,1.0,4.9686575e-22,1.0,1.0,1.0,1.0,1.0,0.0,1.0,1.0,0.0,0.689964,1.0,0.0,1.0,8.522466e-34,0.0
1.0,1.0,1.0,1.0,8.298045e-23,1.0,1.0,1.0,1.0,1.0,0.0,1.0,1.0,0.0,0.9335792,1.0,0.0,1.0,2.260004e-34,0.0
1.0,1.0,1.0,1.0,2.349687e-23,1.0,1.0,1.0,1.0,1.0,0.0,1.0,1.0,0.0,0.51240426,1.0,0.0,1.0,1.6799737e-33,0.0
1.0,1.0,1.0,1.0,7.4565946e-21,1.0,1.0,1.0,1.0,1.0,0.0,1.0,1.0,0.0,0.8260918,1.0,0.0,1.0,4.131994e-34,0.0
1.0,1.0,1.0,1.0,5.2369837e-09,1.0,1.0,1.0,1.0,1.0,0.0,1.0,1.0,0.0,0.9999996,1.0,0.0,1.0,0.0,0.0
1.0,1.0,1.0,1.0,4.5959964e-13,1.0,1.0,1.0,1.0,1.0,0.0,1.0,1.0,0.0,1.0,1.0,0.0,1.0,0.0,0.0
1.0,1.0,1.0,1.0,3.2099746e-16,1.0,1.0,1.0,1.0,1.0,0.0,1.0,1.0,0.0,1.0,1.0,0.0,1.0,0.0,0.0
1.0,1.0,1.0,1.0,4.6994513e-14,1.0,1.0,1.0,1.0,1.0,0.0,1.0,1.0,0.0,1.0,1.0,0.0,1.0,0.0,0.0
1.0,1.0,1.0,1.0,2.389368e-15,1.0,1.0,1.0,1.0,1.0,0.0,1.0,1.0,0.0,1.0,1.0,0.0,1.0,0.0,0.0
1.0,1.0,1.0,1.0,4.0168027e-14,1.0,1.0,1.0,1.0,1.0,0.0,1.0,1.0,0.0,1.0,1.0,0.0,1.0,0.0,0.0
1.0,1.0,1.0,1.0,3.741935e-30,1.0,0.99999994,1.0,1.0,1.0,0.0,1.0,1.0,0.0,0.9849146,1.0,0.0,1.0,2.7796805e-28,0.0
1.0,1.0,1.0,1.0,8.875825e-36,1.0,1.0,1.0,1.0,1.0,0.0,1.0,1.0,0.0,0.9998818,1.0,0.0,1.0,5.103688e-29,0.0
1.0,1.0,1.0,1.0,4.183102e-30,1.0,0.9999999,1.0,1.0,1.0,0.0,1.0,1.0,0.0,0.9746809,1.0,0.0,1.0,2.5926972e-28,0.0
1.0,1.0,1.0,1.0,2.921779e-31,1.0,0.99999994,1.0,1.0,1.0,0.0,1.0,1.0,0.0,0.99832034,1.0,0.0,1.0,7.1150214e-29,0.0
1.0,1.0,1.0,1.0,0.0,1.0,1.0,0.99999905,1.0,1.0,0.0,1.0,1.0,1.0212895e-35,0.0035824876,1.0,0.0,1.0,1.2896205e-24,0.0
1.0,1.0,1.0,1.0,0.0,1.0,1.0,0.99999875,1.0,1.0,0.0,1.0,1.0,3.0039689e-36,0.04144967,1.0,0.0,1.0,6.979256e-25,0.0
1.0,1.0,1.0,1.0,0.0,1.0,1.0,0.9999998,1.0,1.0,0.0,1.0,1.0,3.690988e-35,0.0015432428,1.0,0.0,1.0,1.191149e-24,0.0
1.0,1.0,1.0,1.0,0.0,1.0,1.0,0.99999887,1.0,1.0,0.0,1.0,1.0,5.338958e-36,0.023034137,1.0,0.0,1.0,8.948493e-25,0.0
1.0,1.0,1.0,1.0,0.0,1.0,1.0,1.0,1.0,1.0,0.0,1.0,1.0,0.0,0.98506266,1.0,0.0,1.0,1.0374514e-28,0.0
1.0,1.0,1.0,1.0,1.5587766e-37,1.0,1.0,1.0,1.0,1.0,0.0,1.0,1.0,0.0,0.7534972,1.0,0.0,1.0,2.4362082e-28,0.0
1.0,1.0,1.0,1.0,1.1960038e-37,1.0,1.0,1.0,1.0,1.0,0.0,1.0,1.0,0.0,0.81363046,1.0,0.0,1.0,1.2253763e-28,0.0
1.0,1.0,1.0,1.0,0.0,1.0,1.0,1.0,1.0,1.0,0.0,1.0,1.0,0.0,0.92023134,1.0,0.0,1.0,1.0500809e-28,0.0
1.0,1.0,1.0,1.0,5.6226283e-37,1.0,1.0,1.0,1.0,1.0,0.0,1.0,1.0,0.0,0.99260175,1.0,0.0,1.0,9.307116e-27,0.0
1.0,1.0,1.0,1.0,3.3762343e-33,1.0,1.0,1.0,1.0,1.0,0.0,1.0,1.0,0.0,0.8358408,1.0,0.0,1.0,2.925065e-26,0.0
1.0,1.0,1.0,1.0,0.0,1.0,1.0,1.0,1.0,1.0,0.0,1.0,1.0,0.0,0.9993847,1.0,0.0,1.0,3.972108e-27,0.0
1.0,1.0,1.0,1.0,9.8196945e-29,1.0,1.0,1.0,1.0,1.0,0.0,1.0,1.0,0.0,0.9989417,1.0,0.0,1.0,5.1667594e-31,0.0
1.0,1.0,1.0,1.0,2.872371e-37,1.0,1.0,1.0,1.0,1.0,0.0,1.0,1.0,0.0,0.9248564,1.0,0.0,1.0,9.1743155e-30,0.0
1.0,1.0,1.0,1.0,2.0658225e-38,1.0,1.0,1.0,1.0,1.0,0.0,1.0,1.0,0.0,0.9870673,1.0,0.0,1.0,2.1344108e-29,0.0
1.0,1.0,1.0,1.0,9.650969e-32,1.0,1.0,1.0,1.0,1.0,0.0,1.0,1.0,0.0,0.38612223,1.0,0.0,1.0,6.98646e-29,0.0
1.0,1.0,1.0,1.0,1.4696354e-36,1.0,1.0,1.0,1.0,1.0,0.0,1.0,1.0,0.0,0.87830967,1.0,0.0,1.0,3.0543248e-29,0.0
1.0,1.0,1.0,1.0,4.910115e-22,1.0,1.0,1.0,1.0,1.0,0.0,1.0,1.0,0.0,1.0,1.0,0.0,1.0,0.0,0.0
1.0,1.0,1.0,1.0,1.1705971e-20,1.0,1.0,1.0,1.0,1.0,0.0,1.0,1.0,0.0,1.0,1.0,0.0,1.0,0.0,0.0
0.0,5.6788434e-05,1.0,1.0,1.0,1.0,1.0,1.0,1.0,1.0,0.0,1.0,1.6589994e-29,0.0,1.0,1.0,0.0,0.9998533,0.0,5.358759e-14
1.0,1.0,1.0,1.0,1.3855422e-23,1.0,1.0,1.0,1.0,1.0,0.0,1.0,1.0,0.0,1.0,1.0,0.0,1.0,0.0,0.0
1.0,1.0,1.0,1.0,1.5070356e-23,1.0,1.0,1.0,1.0,1.0,0.0,1.0,1.0,0.0,1.0,1.0,0.0,1.0,0.0,0.0
1.0,1.0,1.0,1.0,2.475238e-25,1.0,1.0,1.0,1.0,1.0,0.0,1.0,1.0,0.0,1.0,1.0,0.0,1.0,0.0,0.0
1.0,1.0,1.0,1.0,3.7263326e-25,1.0,1.0,1.0,1.0,1.0,0.0,1.0,1.0,0.0,1.0,1.0,0.0,1.0,0.0,0.0
1.0,1.0,1.0,1.0,3.8560819e-22,1.0,1.0,1.0,1.0,1.0,0.0,1.0,1.0,0.0,1.0,1.0,0.0,1.0,0.0,0.0
1.0,1.0,1.0,1.0,4.14961e-25,1.0,1.0,1.0,1.0,1.0,0.0,1.0,1.0,0.0,1.0,1.0,0.0,1.0,0.0,0.0
1.0,1.0,1.0,1.0,7.570628e-24,1.0,1.0,1.0,1.0,1.0,0.0,1.0,1.0,0.0,1.0,1.0,0.0,1.0,0.0,0.0
1.0,1.0,1.0,1.0,2.5192952e-18,1.0,1.0,1.0,1.0,1.0,0.0,1.0,1.0,0.0,1.0,1.0,0.0,1.0,0.0,0.0
1.0,1.0,1.0,1.0,3.9016836e-15,1.0,1.0,1.0,1.0,1.0,0.0,1.0,1.0,0.0,1.0,1.0,0.0,1.0,0.0,0.0
1.0,1.0,1.0,1.0,1.8497284e-17,1.0,1.0,1.0,1.0,1.0,0.0,1.0,1.0,0.0,1.0,1.0,0.0,1.0,0.0,0.0
1.0,1.0,1.0,1.0,2.6994913e-18,1.0,1.0,1.0,1.0,1.0,0.0,1.0,1.0,0.0,1.0,1.0,0.0,1.0,0.0,0.0
1.0,1.0,1.0,1.0,2.569822e-14,1.0,1.0,1.0,1.0,1.0,0.0,1.0,1.0,0.0,1.0,1.0,0.0,1.0,0.0,0.0
0.9994545,1.0,1.0,1.0,1.5629817e-07,1.0,1.0,1.0,1.0,1.0,0.0,1.0,0.99999803,0.0,1.0,1.0,0.0,1.0,0.0,0.0
1.0,1.0,1.0,1.0,1.6048053e-13,1.0,1.0,1.0,1.0,1.0,0.0,1.0,1.0,0.0,1.0,1.0,0.0,1.0,0.0,0.0
1.0,1.0,1.0,1.0,4.684227e-15,1.0,1.0,1.0,1.0,1.0,0.0,1.0,1.0,0.0,1.0,1.0,0.0,1.0,0.0,0.0
0.9158568,1.0,1.0,1.0,0.0004940432,1.0,1.0,1.0,1.0,1.0,0.0,1.0,0.9999907,0.0,1.0,1.0,0.0,1.0,0.0,0.0
1.0,1.0,1.0,1.0,3.0547826e-12,1.0,1.0,1.0,1.0,1.0,0.0,1.0,1.0,0.0,1.0,1.0,0.0,1.0,0.0,0.0
1.0,1.0,1.0,1.0,0.0,1.0,1.0,2.8300878e-05,1.0,1.0,0.0,1.0,1.0,5.8201712e-30,2.1077788e-06,1.0,0.0,1.0,2.7083955e-16,0.0
1.0,1.0,1.0,1.0,0.0,1.0,1.0,0.00027264337,1.0,1.0,0.0,1.0,1.0,5.8224804e-30,8.771628e-05,1.0,0.0,1.0,4.694526e-17,0.0
1.0,1.0,1.0,1.0,0.0,1.0,1.0,0.00071803766,1.0,1.0,0.0,1.0,1.0,2.0151077e-29,0.00014446098,1.0,0.0,1.0,3.1408935e-17,0.0
1.0,1.0,1.0,1.0,0.0,1.0,1.0,0.063824594,1.0,1.0,0.0,1.0,1.0,4.1583986e-28,0.00021033223,1.0,0.0,1.0,9.533907e-18,0.0
1.0,1.0,1.0,1.0,0.0,1.0,1.0,0.00042206488,1.0,1.0,0.0,1.0,1.0,1.5923189e-29,0.0001900301,1.0,0.0,1.0,3.2345075e-17,0.0
1.0,1.0,1.0,1.0,0.0,1.0,1.0,4.827161e-05,1.0,1.0,0.0,1.0,1.0,5.4946003e-30,5.1976596e-05,1.0,0.0,1.0,8.811475e-17,0.0
1.0,1.0,1.0,1.0,0.0,1.0,1.0,0.67176795,1.0,1.0,0.0,1.0,1.0,1.1704724e-27,0.0006698303,1.0,0.0,1.0,3.0099037e-18,0.0
1.0,1.0,1.0,1.0,1.5621252e-18,1.0,1.0,1.0,1.0,1.0,0.0,1.0,1.0,0.0,1.0,1.0,0.0,1.0,0.0,0.0
1.0,1.0,1.0,1.0,1.1832176e-19,1.0,1.0,1.0,1.0,1.0,0.0,1.0,1.0,0.0,1.0,1.0,0.0,1.0,0.0,0.0
1.0,1.0,1.0,1.0,2.7067596e-19,1.0,1.0,1.0,1.0,1.0,0.0,1.0,1.0,0.0,1.0,1.0,0.0,1.0,0.0,0.0
1.0,1.0,1.0,1.0,5.8051256e-19,1.0,1.0,1.0,1.0,1.0,0.0,1.0,1.0,0.0,1.0,1.0,0.0,1.0,0.0,0.0
1.0,1.0,1.0,1.0,5.2769036e-19,1.0,1.0,1.0,1.0,1.0,0.0,1.0,1.0,0.0,1.0,1.0,0.0,1.0,0.0,0.0
1.0,1.0,1.0,1.0,6.782693e-17,1.0,1.0,1.0,1.0,1.0,0.0,1.0,1.0,0.0,1.0,1.0,0.0,1.0,0.0,0.0
1.0,1.0,1.0,1.0,1.6777908e-17,1.0,1.0,1.0,1.0,1.0,0.0,1.0,1.0,0.0,1.0,1.0,0.0,1.0,0.0,0.0
6.278069e-12,1.0,1.0,1.0,0.9999971,1.0,1.0,1.0,1.0,1.0,0.0,1.0,2.451451e-09,0.0,1.0,1.0,0.0,1.0,0.0,0.0
1.0,1.0,1.0,1.0,2.644471e-19,1.0,1.0,1.0,1.0,1.0,0.0,1.0,1.0,0.0,1.0,1.0,0.0,1.0,0.0,0.0
1.0,1.0,1.0,1.0,1.3982163e-15,1.0,1.0,1.0,1.0,1.0,0.0,1.0,1.0,0.0,1.0,1.0,0.0,1.0,0.0,0.0
1.0,1.0,1.0,1.0,5.635994e-19,1.0,1.0,1.0,1.0,1.0,0.0,1.0,1.0,0.0,1.0,1.0,0.0,1.0,0.0,0.0
1.0,1.0,1.0,1.0,2.201806e-19,1.0,1.0,1.0,1.0,1.0,0.0,1.0,1.0,0.0,1.0,1.0,0.0,1.0,0.0,0.0
1.0,1.0,1.0,1.0,7.12293e-20,1.0,1.0,1.0,1.0,1.0,0.0,1.0,1.0,0.0,1.0,1.0,0.0,1.0,0.0,0.0
1.0,1.0,1.0,1.0,2.4933947e-18,1.0,1.0,1.0,1.0,1.0,0.0,1.0,1.0,0.0,1.0,1.0,0.0,1.0,0.0,0.0
1.0,1.0,1.0,1.0,4.904705e-22,1.0,1.0,1.0,1.0,1.0,0.0,1.0,1.0,0.0,1.0,1.0,0.0,1.0,0.0,0.0
1.0,1.0,1.0,1.0,5.22054e-27,1.0,1.0,1.0,1.0,1.0,0.0,1.0,1.0,0.0,1.0,1.0,0.0,1.0,0.0,0.0
1.0,1.0,1.0,1.0,8.530953e-27,1.0,1.0,1.0,1.0,1.0,0.0,1.0,1.0,0.0,1.0,1.0,0.0,1.0,0.0,0.0
1.0,1.0,1.0,1.0,7.250215e-27,1.0,1.0,1.0,1.0,1.0,0.0,1.0,1.0,0.0,1.0,1.0,0.0,1.0,0.0,0.0
2.224708e-22,1.0,1.0,1.0,1.0,1.0,1.0,1.0,1.0,1.0,0.0,1.0,8.0188926e-19,0.0,1.0,1.0,0.0,0.9999958,0.0,3.65409e-26
5.178956e-23,0.99999225,1.0,1.0,1.0,1.0,1.0,1.0,1.0,1.0,0.0,1.0,2.0325513e-18,0.0,1.0,1.0,0.0,0.9999927,0.0,1.8143643e-27
1.0,1.0,1.0,1.0,1.2048353e-25,1.0,1.0,1.0,1.0,1.0,0.0,1.0,1.0,0.0,1.0,1.0,0.0,1.0,0.0,0.0
1.0,1.0,1.0,1.0,7.0959487e-19,1.0,1.0,1.0,1.0,1.0,0.0,1.0,1.0,0.0,1.0,1.0,0.0,1.0,0.0,0.0
1.0,1.0,1.0,1.0,2.9347687e-17,1.0,1.0,1.0,1.0,1.0,0.0,1.0,1.0,0.0,1.0,1.0,0.0,1.0,0.0,0.0
1.0,1.0,1.0,1.0,1.2143621e-20,1.0,1.0,1.0,1.0,1.0,0.0,1.0,1.0,0.0,1.0,1.0,0.0,1.0,0.0,0.0
1.0,1.0,1.0,1.0,3.2185225e-15,1.0,1.0,1.0,1.0,1.0,0.0,1.0,0.9999999,0.0,1.0,1.0,0.0,1.0,0.0,0.0
1.0,1.0,1.0,1.0,1.1571928e-13,1.0,1.0,1.0,1.0,1.0,0.0,1.0,1.0,0.0,1.0,1.0,0.0,1.0,0.0,0.0
8.2935486e-07,1.0,1.0,1.0,0.5041804,1.0,1.0,1.0,1.0,1.0,0.0,1.0,3.0706175e-05,0.0,1.0,1.0,0.0,1.0,0.0,0.0
0.99996173,1.0,1.0,1.0,3.1724703e-11,1.0,1.0,1.0,1.0,1.0,0.0,1.0,0.9999118,0.0,1.0,1.0,0.0,1.0,0.0,0.0
1.4135272e-38,0.002455911,1.0,1.0,1.0,1.0,1.0,1.0,1.0,1.0,0.0,1.0,1.21847246e-29,0.0,1.0,1.0,0.0,0.9938872,0.0,3.8383522e-15
1.0784487e-37,0.00010504232,1.0,1.0,1.0,1.0,1.0,1.0,1.0,1.0,0.0,1.0,1.01032645e-29,0.0,1.0,1.0,0.0,0.9963431,0.0,3.6167795e-14
1.0,1.0,1.0,1.0,7.458882e-18,1.0,1.0,1.0,1.0,1.0,0.0,1.0,1.0,0.0,1.0,1.0,0.0,1.0,0.0,0.0
1.0,1.0,1.0,1.0,1.1117947e-16,1.0,1.0,1.0,1.0,1.0,0.0,1.0,1.0,0.0,1.0,1.0,0.0,1.0,0.0,0.0
1.0,1.0,1.0,1.0,1.0533039e-18,1.0,1.0,1.0,1.0,1.0,0.0,1.0,1.0,0.0,1.0,1.0,0.0,1.0,0.0,0.0
1.0,1.0,1.0,1.0,7.933767e-13,1.0,1.0,1.0,1.0,1.0,0.0,1.0,0.99999994,0.0,1.0,1.0,0.0,1.0,0.0,0.0
1.0,1.0,1.0,1.0,1.6186625e-18,1.0,1.0,1.0,1.0,1.0,0.0,1.0,1.0,0.0,1.0,1.0,0.0,1.0,0.0,0.0
1.0,1.0,1.0,1.0,1.5148636e-22,1.0,1.0,1.0,1.0,1.0,0.0,1.0,1.0,0.0,1.0,1.0,0.0,1.0,0.0,0.0
1.0,1.0,1.0,1.0,6.7530124e-22,1.0,1.0,1.0,1.0,1.0,0.0,1.0,1.0,0.0,1.0,1.0,0.0,1.0,0.0,0.0
1.0,1.0,1.0,1.0,1.7516631e-23,1.0,1.0,1.0,1.0,1.0,0.0,1.0,1.0,0.0,1.0,1.0,0.0,1.0,0.0,0.0
5.056103e-11,1.0,1.0,1.0,0.9999976,1.0,1.0,1.0,1.0,1.0,0.0,1.0,8.503143e-08,0.0,1.0,1.0,0.0,0.99999994,0.0,0.0
1.0,1.0,1.0,1.0,1.24048e-18,1.0,1.0,1.0,1.0,1.0,0.0,1.0,1.0,0.0,1.0,1.0,0.0,1.0,0.0,0.0
4.1170497e-14,1.0,1.0,1.0,1.0,1.0,1.0,1.0,1.0,1.0,0.0,1.0,1.7887473e-09,0.0,1.0,1.0,0.0,0.9999997,0.0,0.0
0.5205692,1.0,1.0,1.0,3.2842577e-06,1.0,1.0,1.0,1.0,1.0,0.0,1.0,0.8862412,0.0,1.0,1.0,0.0,1.0,0.0,0.0
0.9999983,1.0,1.0,1.0,4.1879226e-12,1.0,1.0,1.0,1.0,1.0,0.0,1.0,0.999997,0.0,1.0,1.0,0.0,1.0,0.0,0.0
0.1409989,1.0,1.0,1.0,1.5713507e-05,1.0,1.0,1.0,1.0,1.0,0.0,1.0,0.55059093,0.0,1.0,1.0,0.0,1.0,0.0,0.0
1.0,1.0,1.0,1.0,8.755691e-16,1.0,1.0,1.0,1.0,1.0,0.0,1.0,1.0,0.0,1.0,1.0,0.0,1.0,0.0,0.0
1.0,1.0,1.0,1.0,1.411372e-38,1.0,1.0,1.0,1.0,1.0,0.0,1.0,1.0,0.0,0.9993948,1.0,0.0,1.0,1.072024e-32,0.0
1.0,1.0,1.0,1.0,5.248709e-37,1.0,1.0,1.0,1.0,1.0,0.0,1.0,1.0,0.0,0.9997239,1.0,0.0,1.0,1.5044094e-32,0.0
1.0,1.0,1.0,1.0,2.8031945e-34,1.0,1.0,1.0,1.0,1.0,0.0,1.0,1.0,0.0,0.9979369,1.0,0.0,1.0,1.925476e-32,0.0
1.0,1.0,1.0,1.0,6.459673e-28,1.0,1.0,1.0,1.0,1.0,0.0,1.0,1.0,0.0,0.9215363,1.0,0.0,1.0,7.556257e-32,0.0
1.0,1.0,1.0,1.0,5.279489e-31,1.0,1.0,1.0,1.0,1.0,0.0,1.0,1.0,0.0,0.9513943,1.0,0.0,1.0,3.976373e-32,0.0
1.0,1.0,1.0,1.0,5.335398e-35,1.0,1.0,1.0,1.0,1.0,0.0,1.0,1.0,0.0,0.99910796,1.0,0.0,1.0,2.1914596e-32,0.0
1.0,1.0,1.0,1.0,1.6764328e-34,1.0,1.0,1.0,1.0,1.0,0.0,1.0,1.0,0.0,0.9996287,1.0,0.0,1.0,1.5619412e-32,0.0
1.0,1.0,1.0,1.0,0.0,1.0,0.99999535,3.3390425e-05,1.0,1.0,0.0,1.0,1.0,1.5148524e-29,7.259088e-06,0.9999718,0.0,1.0,7.4568694e-16,0.0
1.0,1.0,1.0,1.0,0.0,1.0,0.9999987,4.9190505e-05,1.0,1.0,0.0,1.0,1.0,2.8332927e-29,0.00020345802,1.0,0.0,1.0,2.6051057e-16,0.0
1.0,1.0,1.0,1.0,0.0,1.0,0.99999845,0.0001606268,1.0,1.0,0.0,1.0,1.0,7.1293665e-29,4.8744164e-06,0.9999989,0.0,1.0,5.0224877e-16,0.0
1.0,1.0,1.0,1.0,0.0,1.0,0.99999696,1.8821565e-05,1.0,1.0,0.0,1.0,1.0,8.0555774e-30,0.001254276,1.0,0.0,1.0,1.523445e-16,0.0
1.0,1.0,1.0,1.0,0.0,1.0,0.9999975,1.1604565e-05,1.0,1.0,0.0,1.0,1.0,9.306569e-30,0.0009684367,1.0,0.0,1.0,1.5147699e-16,0.0
1.0,1.0,1.0,1.0,0.0,1.0,0.9999997,0.0013307064,1.0,1.0,0.0,1.0,1.0,2.7761623e-28,0.00018178155,1.0,0.0,1.0,6.55223e-17,0.0
1.0,1.0,1.0,1.0,0.0,1.0,0.9999996,0.004921925,1.0,1.0,0.0,1.0,1.0,3.5282444e-28,2.2018194e-05,1.0,0.0,1.0,1.0875408e-16,0.0
1.0,1.0,1.0,1.0,0.0,1.0,0.9999955,8.234995e-05,1.0,1.0,0.0,1.0,1.0,1.6348249e-29,8.583372e-06,0.9999124,0.0,1.0,6.4319267e-16,0.0
1.0,1.0,1.0,1.0,8.8777326e-11,1.0,1.0,1.0,1.0,1.0,0.0,1.0,1.0,0.0,1.0,1.0,0.0,1.0,0.0,0.0
1.0,1.0,1.0,1.0,1.3530263e-06,1.0,1.0,1.0,1.0,1.0,0.0,1.0,1.0,0.0,1.0,1.0,0.0,1.0,0.0,0.0
1.0,1.0,1.0,1.0,8.389652e-11,1.0,1.0,1.0,1.0,1.0,0.0,1.0,1.0,0.0,1.0,1.0,0.0,1.0,0.0,0.0
1.0,1.0,1.0,1.0,0.00019343992,1.0,1.0,1.0,1.0,1.0,0.0,1.0,1.0,0.0,1.0,1.0,0.0,1.0,0.0,0.0
1.0,1.0,1.0,1.0,5.401794e-08,1.0,1.0,1.0,1.0,1.0,0.0,1.0,1.0,0.0,1.0,1.0,0.0,1.0,0.0,0.0
1.0,1.0,1.0,1.0,2.977854e-07,1.0,1.0,1.0,1.0,1.0,0.0,1.0,1.0,0.0,1.0,1.0,0.0,1.0,0.0,0.0
1.0,1.0,1.0,1.0,8.138896e-27,1.0,0.9999982,0.9999999,1.0,1.0,0.0,1.0,1.0,0.0,0.9788321,1.0,0.0,1.0,2.5043413e-23,0.0
1.0,1.0,1.0,1.0,4.9150925e-25,1.0,0.999998,1.0,1.0,1.0,0.0,1.0,1.0,0.0,0.9994951,1.0,0.0,1.0,2.9537394e-24,0.0
1.0,1.0,1.0,1.0,1.1808257e-30,1.0,0.9999624,0.9999385,1.0,1.0,0.0,1.0,1.0,0.0,0.9999693,1.0,0.0,1.0,2.1713519e-20,0.0
1.0,1.0,1.0,1.0,1.8757402e-19,1.0,0.9999999,1.0,1.0,1.0,0.0,1.0,1.0,0.0,1.0,1.0,0.0,1.0,3.3570106e-32,0.0
1.0,1.0,1.0,1.0,1.3458057e-12,1.0,1.0,1.0,1.0,1.0,0.0,1.0,1.0,0.0,1.0,1.0,0.0,1.0,2.8659507e-34,0.0
1.0,1.0,1.0,1.0,1.5125158e-19,1.0,1.0,1.0,1.0,1.0,0.0,1.0,1.0,0.0,1.0,1.0,0.0,1.0,1.5991402e-32,0.0
1.0,1.0,1.0,1.0,0.0024746296,1.0,1.0,1.0,1.0,1.0,0.0,1.0,1.0,0.0,1.0,1.0,0.0,1.0,0.0,0.0
1.0,1.0,1.0,1.0,0.45024815,1.0,1.0,1.0,1.0,1.0,0.0,1.0,1.0,0.0,1.0,1.0,0.0,1.0,0.0,0.0
1.0,1.0,1.0,1.0,1.4395433e-16,1.0,1.0,1.0,1.0,1.0,0.0,1.0,1.0,0.0,1.0,1.0,0.0,1.0,1.3411494e-35,0.0
1.0,1.0,1.0,1.0,5.8337027e-13,1.0,0.9999999,1.0,1.0,1.0,0.0,1.0,1.0,0.0,1.0,1.0,0.0,1.0,5.895393e-35,0.0
1.0,1.0,1.0,1.0,1.4483702e-35,1.0,0.9997846,0.023431793,1.0,1.0,0.0,1.0,1.0,0.0,0.9998136,1.0,0.0,1.0,1.0135883e-14,0.0
1.0,1.0,1.0,1.0,7.3935765e-35,1.0,0.9997216,0.029620215,1.0,1.0,0.0,1.0,1.0,0.0,0.9998693,1.0,0.0,1.0,8.959161e-15,0.0
1.0,1.0,1.0,1.0,4.3930566e-32,1.0,1.0,1.0,1.0,1.0,0.0,1.0,1.0,0.0,0.012592868,1.0,0.0,1.0,6.1373236e-29,0.0
1.0,1.0,1.0,1.0,2.5518093e-36,1.0,1.0,1.0,1.0,1.0,0.0,1.0,1.0,0.0,0.5170145,1.0,0.0,1.0,1.4874011e-29,0.0
1.0,1.0,1.0,1.0,0.0,1.0,1.0,1.0,1.0,1.0,0.0,1.0,1.0,0.0,0.90351284,1.0,0.0,1.0,2.7357167e-30,0.0
1.0,1.0,1.0,1.0,2.0499135e-35,1.0,1.0,1.0,1.0,1.0,0.0,1.0,1.0,0.0,0.9200321,1.0,0.0,1.0,2.0101546e-30,0.0
1.0,1.0,1.0,1.0,0.0,1.0,1.0,1.0,1.0,1.0,0.0,1.0,1.0,1.6648306e-38,0.9855367,1.0,0.0,1.0,1.5061452e-30,0.0
1.0,1.0,1.0,1.0,0.0,1.0,1.0,1.0,1.0,1.0,0.0,1.0,1.0,0.0,0.9918198,1.0,0.0,1.0,1.830085e-30,0.0
1.0,1.0,1.0,1.0,0.0,1.0,1.0,1.0,1.0,1.0,0.0,1.0,1.0,3.009586e-38,0.94225764,1.0,0.0,1.0,2.0376393e-30,0.0
1.0,1.0,1.0,1.0,1.4770429e-36,1.0,1.0,1.0,1.0,1.0,0.0,1.0,1.0,0.0,0.5395393,1.0,0.0,1.0,7.050901e-30,0.0
1.0,1.0,1.0,1.0,1.9864996e-31,1.0,1.0,1.0,1.0,1.0,0.0,1.0,1.0,0.0,0.27263114,1.0,0.0,1.0,1.4556749e-29,0.0
1.0,1.0,1.0,1.0,1.06599366e-23,1.0,1.0,1.0,1.0,1.0,0.0,1.0,1.0,5.074569e-36,0.08625528,1.0,0.0,1.0,3.6807878e-31,0.0
1.0,1.0,1.0,1.0,2.1558036e-34,1.0,1.0,1.0,1.0,1.0,0.0,1.0,1.0,0.0,0.31095505,1.0,0.0,1.0,2.1399384e-29,0.0
1.0,1.0,1.0,1.0,5.634714e-38,1.0,1.0,1.0,1.0,1.0,0.0,1.0,1.0,0.0,0.46838215,1.0,0.0,1.0,2.5851998e-29,0.0
1.0,1.0,1.0,1.0,0.0,1.0,1.0,1.0,1.0,1.0,0.0,1.0,1.0,0.0,0.98844916,1.0,0.0,1.0,1.1467468e-29,0.0
1.0,1.0,1.0,1.0,0.0,1.0,1.0,1.0,1.0,1.0,0.0,1.0,1.0,0.0,0.9763838,1.0,0.0,1.0,8.1223515e-30,0.0
1.0,1.0,1.0,1.0,0.0,1.0,1.0,1.0,1.0,1.0,0.0,1.0,1.0,0.0,0.995143,1.0,0.0,1.0,7.57988e-30,0.0
1.0,1.0,1.0,1.0,1.0493845e-35,1.0,1.0,1.0,1.0,1.0,0.0,1.0,1.0,0.0,0.99999565,1.0,0.0,1.0,1.7157431e-34,0.0
1.0,1.0,1.0,1.0,3.6933345e-38,1.0,1.0,1.0,1.0,1.0,0.0,1.0,1.0,0.0,0.9999481,1.0,0.0,1.0,1.3266128e-34,0.0
1.0,1.0,1.0,1.0,8.564312e-34,1.0,1.0,1.0,1.0,1.0,0.0,1.0,1.0,0.0,0.9999829,1.0,0.0,1.0,2.145892e-34,0.0
1.0,1.0,1.0,1.0,4.843021e-35,1.0,1.0,1.0,1.0,1.0,0.0,1.0,1.0,0.0,0.9999754,1.0,0.0,1.0,4.5065726e-34,0.0
1.0,1.0,1.0,1.0,3.2130725e-32,1.0,1.0,1.0,1.0,1.0,0.0,1.0,1.0,0.0,0.99999774,1.0,0.0,1.0,2.2479493e-34,0.0
1.0,1.0,1.0,1.0,1.8710255e-32,1.0,1.0,1.0,1.0,1.0,0.0,1.0,1.0,0.0,0.9999993,1.0,0.0,1.0,1.4753325e-34,0.0
1.0,1.0,1.0,1.0,9.955642e-34,1.0,1.0,1.0,1.0,1.0,0.0,1.0,1.0,0.0,0.99999905,1.0,0.0,1.0,1.9342936e-34,0.0
1.0,1.0,1.0,1.0,2.8795673e-30,1.0,1.0,1.0,1.0,1.0,0.0,1.0,1.0,0.0,0.99999946,1.0,0.0,1.0,3.8790275e-35,0.0
1.0,1.0,1.0,1.0,2.1408208e-21,1.0,1.0,1.0,1.0,1.0,0.0,1.0,1.0,0.0,0.99604577,1.0,0.0,1.0,9.858065e-34,0.0
1.0,1.0,1.0,1.0,1.7453342e-22,1.0,1.0,1.0,1.0,1.0,0.0,1.0,1.0,0.0,0.99610776,1.0,0.0,1.0,9.142016e-34,0.0
1.0,1.0,1.0,1.0,3.7856105e-30,1.0,1.0,1.0,1.0,1.0,0.0,1.0,1.0,0.0,0.99997574,1.0,0.0,1.0,7.7203725e-35,0.0
1.0,1.0,1.0,1.0,2.15826e-30,1.0,1.0,1.0,1.0,1.0,0.0,1.0,1.0,0.0,0.99999875,1.0,0.0,1.0,6.7218176e-35,0.0
1.0,1.0,1.0,1.0,2.525292e-31,1.0,1.0,1.0,1.0,1.0,0.0,1.0,1.0,0.0,0.9999957,1.0,0.0,1.0,2.7534256e-34,0.0
1.0,1.0,1.0,1.0,8.131032e-30,1.0,1.0,1.0,1.0,1.0,0.0,1.0,1.0,0.0,0.9999969,1.0,0.0,1.0,1.4165205e-34,0.0
1.0,1.0,1.0,1.0,2.608205e-26,1.0,1.0,1.0,1.0,1.0,0.0,1.0,1.0,0.0,0.9999992,1.0,0.0,1.0,1.3098218e-35,0.0
1.0,1.0,1.0,1.0,8.929208e-29,1.0,1.0,1.0,1.0,1.0,0.0,1.0,1.0,0.0,0.9999577,1.0,0.0,1.0,8.7427903e-35,0.0
1.0,1.0,1.0,1.0,3.92967e-33,1.0,1.0,1.0,1.0,1.0,0.0,1.0,1.0,0.0,0.9999811,1.0,0.0,1.0,1.4964863e-34,0.0
1.0,1.0,1.0,1.0,5.0570713e-32,1.0,1.0,1.0,1.0,1.0,0.0,1.0,1.0,0.0,0.99997956,1.0,0.0,1.0,3.349307e-34,0.0
1.0,1.0,1.0,1.0,1.3196813e-21,1.0,1.0,1.0,1.0,1.0,0.0,1.0,1.0,0.0,0.9997091,1.0,0.0,1.0,3.182007e-31,0.0
1.0,1.0,1.0,1.0,3.7735796e-26,1.0,1.0,1.0,1.0,1.0,0.0,1.0,1.0,0.0,0.99997467,1.0,0.0,1.0,1.9358247e-31,0.0
1.0,1.0,1.0,1.0,7.372332e-30,1.0,1.0,1.0,1.0,1.0,0.0,1.0,1.0,0.0,0.9999707,1.0,0.0,1.0,2.4023813e-31,0.0
1.0,1.0,1.0,1.0,3.380476e-32,1.0,1.0,1.0,1.0,1.0,0.0,1.0,1.0,0.0,0.99998426,1.0,0.0,1.0,1.8521865e-31,0.0
1.0,1.0,1.0,1.0,3.6986304e-26,1.0,1.0,1.0,1.0,1.0,0.0,1.0,1.0,0.0,0.999997,1.0,0.0,1.0,2.8749982e-32,0.0
1.0,1.0,1.0,1.0,6.7307247e-19,1.0,1.0,1.0,1.0,1.0,0.0,1.0,1.0,0.0,0.99937207,1.0,0.0,1.0,2.6079196e-31,0.0
1.0,1.0,1.0,1.0,4.701658e-25,1.0,1.0,1.0,1.0,1.0,0.0,1.0,1.0,0.0,1.0,1.0,0.0,1.0,2.6833652e-38,0.0
1.0,1.0,1.0,1.0,7.19217e-28,1.0,1.0,1.0,1.0,1.0,0.0,1.0,1.0,0.0,0.9999998,1.0,0.0,1.0,1.68867e-37,0.0
1.0,1.0,1.0,1.0,1.505704e-21,1.0,1.0,1.0,1.0,1.0,0.0,1.0,1.0,0.0,0.9999953,1.0,0.0,1.0,1.1173575e-36,0.0
1.0,1.0,1.0,1.0,7.0874025e-26,1.0,1.0,1.0,1.0,1.0,0.0,1.0,1.0,0.0,1.0,1.0,0.0,1.0,4.188035e-38,0.0
1.0,1.0,1.0,1.0,5.5769183e-21,1.0,1.0,1.0,1.0,1.0,0.0,1.0,1.0,0.0,0.99999994,1.0,0.0,1.0,1.3313407e-37,0.0
1.0,1.0,1.0,1.0,2.7246818e-19,1.0,1.0,1.0,1.0,1.0,0.0,1.0,1.0,0.0,0.99995357,1.0,0.0,1.0,4.082636e-36,0.0
1.0,1.0,1.0,1.0,5.208904e-19,1.0,1.0,1.0,1.0,1.0,0.0,1.0,1.0,0.0,0.9998938,1.0,0.0,1.0,6.724507e-36,0.0
1.0,1.0,1.0,1.0,1.3942385e-14,1.0,1.0,1.0,1.0,1.0,0.0,1.0,1.0,0.0,0.9999929,1.0,0.0,1.0,1.1114823e-36,0.0
1.0,1.0,1.0,1.0,7.9227306e-16,1.0,1.0,1.0,1.0,1.0,0.0,1.0,1.0,0.0,0.9999523,1.0,0.0,1.0,2.6015238e-36,0.0
1.0,1.0,1.0,1.0,4.123352e-18,1.0,1.0,1.0,1.0,1.0,0.0,1.0,1.0,0.0,0.99986625,1.0,0.0,1.0,1.0001843e-35,0.0
1.0,1.0,1.0,1.0,8.036983e-21,1.0,0.9999999,1.0,1.0,1.0,0.0,1.0,1.0,0.0,1.0,1.0,0.0,1.0,6.0600335e-31,0.0
1.0,1.0,1.0,1.0,1.3720749e-19,1.0,0.9999999,1.0,1.0,1.0,0.0,1.0,1.0,0.0,0.9999998,1.0,0.0,1.0,1.1476083e-30,0.0
1.0,1.0,1.0,1.0,2.650363e-31,1.0,0.9999593,0.9973337,1.0,1.0,0.0,1.0,1.0,0.0,0.99999255,1.0,0.0,1.0,7.6309557e-19,0.0
1.0,1.0,1.0,1.0,0.0,1.0,1.0,1.0,1.0,1.0,0.0,1.0,1.0,0.0,0.99978256,1.0,0.0,1.0,6.74911e-26,0.0
1.0,1.0,1.0,1.0,0.0,1.0,1.0,1.0,1.0,1.0,0.0,1.0,1.0,0.0,0.9999693,1.0,0.0,1.0,1.4285078e-26,0.0
1.0,1.0,1.0,1.0,0.0,1.0,1.0,0.99999994,1.0,1.0,0.0,1.0,1.0,0.0,0.9998933,1.0,0.0,1.0,3.2561824e-26,0.0
1.0,1.0,1.0,1.0,0.0,1.0,1.0,1.0,1.0,1.0,0.0,1.0,1.0,0.0,0.9976584,1.0,0.0,1.0,7.1476234e-26,0.0
1.0,1.0,1.0,1.0,0.0,1.0,1.0,1.0,1.0,1.0,0.0,1.0,1.0,0.0,0.9997339,1.0,0.0,1.0,3.7239295e-26,0.0
1.0,1.0,1.0,1.0,0.0,1.0,1.0,1.0,1.0,1.0,0.0,1.0,1.0,0.0,0.9998917,1.0,0.0,1.0,3.480604e-26,0.0
1.0,1.0,1.0,1.0,0.0,1.0,1.0,1.0,1.0,1.0,0.0,1.0,1.0,0.0,0.99945235,1.0,0.0,1.0,4.6021418e-26,0.0
1.0,1.0,1.0,1.0,0.0,1.0,1.0,1.0,1.0,1.0,0.0,1.0,1.0,0.0,0.9997842,1.0,0.0,1.0,3.1005472e-26,0.0
1.0,1.0,1.0,1.0,4.659987e-38,1.0,1.0,1.0,1.0,1.0,0.0,1.0,1.0,0.0,0.9571109,1.0,0.0,1.0,1.0976472e-25,0.0
1.0,1.0,1.0,1.0,0.0,1.0,1.0,1.0,1.0,1.0,0.0,1.0,1.0,3.918747e-38,0.9988894,1.0,0.0,1.0,2.144027e-26,0.0
1.0,1.0,1.0,1.0,4.7930255e-37,1.0,1.0,1.0,1.0,1.0,0.0,1.0,1.0,0.0,0.9970066,1.0,0.0,1.0,6.8188785e-26,0.0
1.0,1.0,1.0,1.0,2.717207e-35,1.0,0.99999994,1.0,1.0,1.0,0.0,1.0,1.0,0.0,0.96993935,1.0,0.0,1.0,1.9887805e-25,0.0
1.0,1.0,1.0,1.0,0.0,1.0,1.0,0.99261904,1.0,1.0,0.0,1.0,1.0,1.07925755e-33,0.030567909,1.0,0.0,1.0,2.818193e-20,0.0
1.0,1.0,1.0,1.0,0.0,1.0,0.9999999,0.9965425,1.0,1.0,0.0,1.0,1.0,1.8120831e-33,0.0028106275,1.0,0.0,1.0,5.0799756e-20,0.0
1.0,1.0,1.0,1.0,5.0684506e-38,1.0,0.9999995,0.8989086,1.0,1.0,0.0,1.0,1.0,2.0003592e-34,8.189824e-05,0.9998896,0.0,1.0,4.3875924e-19,0.0
1.0,1.0,1.0,1.0,0.0,1.0,0.9999998,0.8446798,1.0,1.0,0.0,1.0,1.0,1.479063e-34,0.033761635,1.0,0.0,1.0,7.26278e-20,0.0
1.0,1.0,1.0,1.0,0.0,1.0,0.99999976,0.9297951,1.0,1.0,0.0,1.0,1.0,1.0503261e-34,0.042406365,1.0,0.0,1.0,6.2595465e-20,0.0
1.0,1.0,1.0,1.0,2.7505702e-34,1.0,0.9999992,0.99999547,1.0,1.0,0.0,1.0,1.0,0.0,0.9477762,1.0,0.0,1.0,6.448389e-23,0.0
1.0,1.0,1.0,1.0,1.3211628e-35,1.0,0.9999994,0.9999901,1.0,1.0,0.0,1.0,1.0,0.0,0.9843939,1.0,0.0,1.0,5.1034116e-23,0.0
1.0,1.0,1.0,1.0,1.2536511e-35,1.0,0.99999976,0.99999946,1.0,1.0,0.0,1.0,1.0,0.0,0.99672455,1.0,0.0,1.0,1.3575932e-23,0.0
1.0,1.0,1.0,1.0,7.191137e-33,1.0,0.9999994,0.99999857,1.0,1.0,0.0,1.0,1.0,0.0,0.9161593,1.0,0.0,1.0,4.780533e-23,0.0
1.0,1.0,1.0,1.0,1.7648395e-34,1.0,0.99999976,0.9999986,1.0,1.0,0.0,1.0,1.0,0.0,0.86552155,1.0,0.0,1.0,6.6208275e-23,0.0
1.0,1.0,1.0,1.0,0.0,1.0,0.9999982,0.122265056,1.0,1.0,0.0,1.0,1.0,1.675826e-33,0.00023102049,0.999993,0.0,1.0,1.574492e-17,0.0
1.0,1.0,1.0,1.0,0.0,1.0,0.99999887,0.22349043,1.0,1.0,0.0,1.0,1.0,8.507589e-34,0.08950915,1.0,0.0,1.0,1.7205548e-18,0.0
1.0,1.0,1.0,1.0,0.0,1.0,0.9999986,0.22283448,1.0,1.0,0.0,1.0,1.0,1.6196136e-33,0.00071269926,0.99999964,0.0,1.0,6.5268566e-18,0.0
1.0,1.0,1.0,1.0,0.0,1.0,0.99999803,0.8311599,1.0,1.0,0.0,1.0,1.0,8.268202e-34,0.065495834,1.0,0.0,1.0,8.1183703e-19,0.0
1.0,1.0,1.0,1.0,0.0,1.0,0.9988249,1.1573452e-07,1.0,1.0,0.0,1.0,1.0,2.6648953e-35,0.67792016,0.9999832,0.0,1.0,8.589671e-11,0.0
1.0,1.0,1.0,1.0,2.4536917e-24,1.0,0.9999989,1.0,1.0,1.0,0.0,1.0,1.0,0.0,0.9999988,1.0,0.0,1.0,5.677256e-25,0.0
1.0,1.0,1.0,1.0,5.1659873e-25,1.0,1.0,1.0,1.0,1.0,0.0,1.0,1.0,0.0,0.9999712,1.0,0.0,1.0,1.3089566e-29,0.0
1.0,1.0,1.0,1.0,5.612851e-24,1.0,0.9999952,1.0,1.0,1.0,0.0,1.0,1.0,5.4747857e-38,0.99999815,1.0,0.0,1.0,8.889747e-22,0.0
1.0,1.0,1.0,1.0,5.9001865e-27,1.0,0.99999994,1.0,1.0,1.0,0.0,1.0,1.0,0.0,0.99996144,1.0,0.0,1.0,2.300273e-28,0.0
1.0,1.0,1.0,1.0,3.370502e-29,1.0,1.0,1.0,1.0,1.0,0.0,1.0,1.0,0.0,0.9999942,1.0,0.0,1.0,1.3032425e-28,0.0
1.0,1.0,1.0,1.0,2.1851442e-21,1.0,1.0,1.0,1.0,1.0,0.0,1.0,1.0,0.0,0.99999577,1.0,0.0,1.0,2.2549376e-29,0.0
1.0,1.0,1.0,1.0,1.4740178e-32,1.0,0.99995357,0.9981704,1.0,1.0,0.0,1.0,1.0,0.0,0.99987924,1.0,0.0,1.0,2.882595e-19,0.0
1.0,1.0,1.0,1.0,1.430805e-32,1.0,0.99995995,0.99829847,1.0,1.0,0.0,1.0,1.0,0.0,0.99987954,1.0,0.0,1.0,3.0584093e-19,0.0
1.0,1.0,1.0,1.0,5.0175253e-32,1.0,0.999965,0.9990665,1.0,1.0,0.0,1.0,1.0,0.0,0.99969906,1.0,0.0,1.0,3.1792237e-19,0.0
1.0,1.0,1.0,1.0,5.631471e-30,1.0,1.0,1.0,1.0,1.0,0.0,1.0,1.0,0.0,0.018860985,1.0,0.0,1.0,1.378862e-30,0.0
1.0,1.0,1.0,1.0,7.7580175e-34,1.0,1.0,1.0,1.0,1.0,0.0,1.0,1.0,0.0,0.26165518,1.0,0.0,1.0,4.8894763e-31,0.0
1.0,1.0,1.0,1.0,1.2654059e-31,1.0,1.0,1.0,1.0,1.0,0.0,1.0,1.0,0.0,0.14462766,1.0,0.0,1.0,9.061652e-31,0.0
1.0,1.0,1.0,1.0,4.714891e-34,1.0,1.0,1.0,1.0,1.0,0.0,1.0,1.0,0.0,0.7846464,1.0,0.0,1.0,2.4903744e-31,0.0
1.0,1.0,1.0,1.0,8.06179e-37,1.0,1.0,1.0,1.0,1.0,0.0,1.0,1.0,0.0,0.47244063,1.0,0.0,1.0,1.8449373e-31,0.0
1.0,1.0,1.0,1.0,1.1092875e-07,1.0,1.0,1.0,1.0,1.0,0.0,1.0,1.0,0.0,1.0,1.0,0.0,1.0,1.2504635e-38,0.0
1.0,1.0,1.0,1.0,9.101386e-07,1.0,1.0,1.0,1.0,1.0,0.0,1.0,1.0,0.0,1.0,1.0,0.0,1.0,3.064523e-38,0.0
1.0,1.0,1.0,1.0,3.7969186e-16,1.0,1.0,1.0,1.0,1.0,0.0,1.0,1.0,0.0,1.0,1.0,0.0,1.0,4.8531674e-38,0.0
1.0,1.0,1.0,1.0,1.2094137e-23,1.0,1.0,1.0,1.0,1.0,0.0,1.0,1.0,0.0,0.99999917,1.0,0.0,1.0,4.2779313e-35,0.0
1.0,1.0,1.0,1.0,5.850614e-18,1.0,1.0,1.0,1.0,1.0,0.0,1.0,1.0,0.0,0.9999975,1.0,0.0,1.0,2.9080958e-35,0.0
1.0,1.0,1.0,1.0,1.1659812e-18,1.0,1.0,1.0,1.0,1.0,0.0,1.0,1.0,0.0,0.9999966,1.0,0.0,1.0,7.5289403e-35,0.0
1.0,1.0,1.0,1.0,0.0,1.0,0.9999926,0.95310706,1.0,1.0,0.0,1.0,1.0,9.785113e-35,0.17545266,1.0,0.0,1.0,2.7897547e-18,0.0
1.0,1.0,1.0,1.0,0.0,1.0,0.99999565,0.96669346,1.0,1.0,0.0,1.0,1.0,1.4219778e-34,0.62064916,1.0,0.0,1.0,1.2866859e-18,0.0
1.0,1.0,1.0,1.0,0.0,1.0,0.99999356,0.7544583,1.0,1.0,0.0,1.0,1.0,4.1410654e-35,0.9272631,1.0,0.0,1.0,1.4114025e-18,0.0
1.0,1.0,1.0,1.0,0.0,1.0,0.9999946,0.82971317,1.0,1.0,0.0,1.0,1.0,6.072193e-35,0.87941784,1.0,0.0,1.0,1.2881248e-18,0.0
1.0,1.0,1.0,1.0,5.9972127e-36,1.0,1.0,1.0,1.0,1.0,0.0,1.0,1.0,0.0,0.99994886,1.0,0.0,1.0,4.7469786e-34,0.0
1.0,1.0,1.0,1.0,1.3501015e-35,1.0,1.0,1.0,1.0,1.0,0.0,1.0,1.0,0.0,0.9996877,1.0,0.0,1.0,4.3322752e-34,0.0
1.0,1.0,1.0,1.0,1.8289698e-21,1.0,1.0,1.0,1.0,1.0,0.0,1.0,1.0,0.0,0.99993086,1.0,0.0,1.0,1.699088e-35,0.0
1.0,1.0,1.0,1.0,1.3426877e-31,1.0,1.0,1.0,1.0,1.0,0.0,1.0,1.0,0.0,0.9966448,1.0,0.0,1.0,1.5841002e-33,0.0
1.0,1.0,1.0,1.0,6.1064927e-38,1.0,1.0,1.0,1.0,1.0,0.0,1.0,1.0,0.0,0.99993694,1.0,0.0,1.0,2.5135534e-34,0.0
1.0,1.0,1.0,1.0,9.221233e-36,1.0,1.0,1.0,1.0,1.0,0.0,1.0,1.0,0.0,0.999939,1.0,0.0,1.0,2.7157474e-34,0.0
1.0,1.0,1.0,1.0,5.0361707e-37,1.0,1.0,1.0,1.0,1.0,0.0,1.0,1.0,0.0,0.9999409,1.0,0.0,1.0,2.784862e-34,0.0
1.0,1.0,1.0,1.0,6.7911194e-36,1.0,1.0,1.0,1.0,1.0,0.0,1.0,1.0,0.0,0.99950707,1.0,0.0,1.0,3.282321e-34,0.0
1.0,1.0,1.0,1.0,1.5601992e-36,1.0,1.0,1.0,1.0,1.0,0.0,1.0,1.0,0.0,0.9996698,1.0,0.0,1.0,1.2219558e-34,0.0
1.0,1.0,1.0,1.0,1.3000947e-35,1.0,1.0,1.0,1.0,1.0,0.0,1.0,1.0,0.0,0.99728394,1.0,0.0,1.0,3.8580886e-34,0.0
1.0,1.0,1.0,1.0,5.369109e-34,1.0,1.0,1.0,1.0,1.0,0.0,1.0,1.0,0.0,0.9989379,1.0,0.0,1.0,5.6499645e-34,0.0
1.0,1.0,1.0,1.0,3.8906795e-33,1.0,1.0,1.0,1.0,1.0,0.0,1.0,1.0,0.0,0.99305665,1.0,0.0,1.0,7.2327575e-34,0.0
1.0,1.0,1.0,1.0,7.4395545e-34,1.0,1.0,1.0,1.0,1.0,0.0,1.0,1.0,0.0,0.946374,1.0,0.0,1.0,5.175163e-31,0.0
1.0,1.0,1.0,1.0,4.0851014e-34,1.0,1.0,1.0,1.0,1.0,0.0,1.0,1.0,0.0,0.9607524,1.0,0.0,1.0,4.781206e-31,0.0
1.0,1.0,1.0,1.0,1.6801789e-33,1.0,1.0,1.0,1.0,1.0,0.0,1.0,1.0,0.0,0.91499215,1.0,0.0,1.0,5.133479e-31,0.0
1.0,1.0,1.0,1.0,1.1984569e-36,1.0,1.0,1.0,1.0,1.0,0.0,1.0,1.0,0.0,0.9968083,1.0,0.0,1.0,8.68586e-32,0.0
1.0,1.0,1.0,1.0,7.76531e-32,1.0,1.0,1.0,1.0,1.0,0.0,1.0,1.0,0.0,0.8018956,1.0,0.0,1.0,8.547125e-31,0.0
1.0,1.0,1.0,1.0,3.329688e-27,1.0,1.0,1.0,1.0,1.0,0.0,1.0,1.0,0.0,0.16524793,1.0,0.0,1.0,1.5204036e-30,0.0
1.0,1.0,1.0,1.0,4.483023e-30,1.0,1.0,1.0,1.0,1.0,0.0,1.0,1.0,0.0,0.41535744,1.0,0.0,1.0,1.15438755e-30,0.0
1.0,1.0,1.0,1.0,3.87291e-33,1.0,1.0,1.0,1.0,1.0,0.0,1.0,1.0,0.0,0.6007596,1.0,0.0,1.0,5.002487e-31,0.0
0.9999988,1.0,1.0,1.0,0.004088151,1.0,1.0,1.0,1.0,1.0,0.0,1.0,1.0,0.0,1.0,1.0,0.0,1.0,0.0,0.0
0.9999111,1.0,1.0,1.0,0.776398,1.0,1.0,1.0,1.0,1.0,0.0,1.0,1.0,0.0,1.0,1.0,0.0,1.0,0.0,0.0
0.99990827,1.0,1.0,1.0,0.17035148,1.0,1.0,1.0,1.0,1.0,0.0,1.0,1.0,0.0,1.0,1.0,0.0,1.0,0.0,0.0
1.0,1.0,1.0,1.0,1.1633957e-25,1.0,1.0,1.0,1.0,1.0,0.0,1.0,1.0,0.0,0.9981394,1.0,0.0,1.0,1.1539246e-31,0.0
1.0,1.0,1.0,1.0,1.5628822e-18,1.0,1.0,1.0,1.0,1.0,0.0,1.0,1.0,0.0,0.9999861,1.0,0.0,1.0,5.9973825e-33,0.0
1.0,1.0,1.0,1.0,0.0,1.0,0.9999997,0.99717313,1.0,1.0,0.0,1.0,1.0,1.7821257e-33,0.00023601654,1.0,0.0,1.0,2.8244338e-21,0.0
1.0,1.0,1.0,1.0,0.0,1.0,0.9999998,0.99822056,1.0,1.0,0.0,1.0,1.0,2.6966814e-33,0.0002136939,1.0,0.0,1.0,2.6018912e-21,0.0
1.0,1.0,1.0,1.0,0.0,1.0,0.9999998,0.9944819,1.0,1.0,0.0,1.0,1.0,3.7207923e-33,3.4436976e-05,0.9999997,0.0,1.0,6.7382193e-21,0.0
1.0,1.0,1.0,1.0,0.0,1.0,0.9999999,0.99623847,1.0,1.0,0.0,1.0,1.0,5.6828444e-33,0.0001448867,1.0,0.0,1.0,4.421663e-21,0.0
1.0,1.0,1.0,1.0,0.0,1.0,0.99999994,0.9971201,1.0,1.0,0.0,1.0,1.0,6.3981746e-33,0.00096858345,1.0,0.0,1.0,1.9024881e-21,0.0
1.0,1.0,1.0,1.0,0.0,1.0,0.9999998,0.99652725,1.0,1.0,0.0,1.0,1.0,4.162482e-33,6.897072e-05,0.9999999,0.0,1.0,6.806499e-21,0.0
1.0,1.0,1.0,1.0,0.0,1.0,0.9999999,0.9964848,1.0,1.0,0.0,1.0,1.0,5.630023e-33,0.00014783579,1.0,0.0,1.0,5.075692e-21,0.0
1.0,1.0,1.0,1.0,0.0,1.0,0.9999999,0.99345523,1.0,1.0,0.0,1.0,1.0,3.6905696e-33,0.00096130307,1.0,0.0,1.0,3.0273445e-21,0.0
1.0,1.0,1.0,1.0,7.932831e-31,1.0,0.99999994,1.0,1.0,1.0,0.0,1.0,1.0,0.0,0.99909264,1.0,0.0,1.0,2.0277938e-28,0.0
1.0,1.0,1.0,1.0,1.3629572e-10,1.0,1.0,1.0,1.0,1.0,0.0,1.0,1.0,0.0,1.0,1.0,0.0,1.0,0.0,0.0
1.0,1.0,1.0,1.0,1.328351e-17,1.0,1.0,1.0,1.0,1.0,0.0,1.0,1.0,0.0,1.0,1.0,0.0,1.0,0.0,0.0
1.0,1.0,1.0,1.0,2.7044485e-11,1.0,1.0,1.0,1.0,1.0,0.0,1.0,1.0,0.0,1.0,1.0,0.0,1.0,0.0,0.0
1.0,1.0,1.0,1.0,5.0251607e-20,1.0,1.0,1.0,1.0,1.0,0.0,1.0,1.0,0.0,0.99999654,1.0,0.0,1.0,0.0,0.0
1.0,1.0,1.0,1.0,5.1349847e-17,1.0,1.0,1.0,1.0,1.0,0.0,1.0,1.0,0.0,0.9999999,1.0,0.0,1.0,0.0,0.0
1.0,1.0,1.0,1.0,6.721133e-14,1.0,0.99999994,1.0,1.0,1.0,0.0,1.0,1.0,0.0,1.0,1.0,0.0,1.0,3.3629768e-36,0.0
1.0,1.0,1.0,1.0,1.1760188e-25,1.0,0.9999971,1.0,1.0,1.0,0.0,1.0,1.0,0.0,0.9999992,1.0,0.0,1.0,3.7756692e-25,0.0
1.0,1.0,1.0,1.0,2.1653241e-18,1.0,1.0,1.0,1.0,1.0,0.0,1.0,1.0,0.0,0.9999999,1.0,0.0,1.0,7.441161e-37,0.0
1.0,1.0,1.0,1.0,3.602941e-21,1.0,1.0,1.0,1.0,1.0,0.0,1.0,1.0,0.0,0.99999994,1.0,0.0,1.0,9.6668985e-37,0.0
0.9999995,1.0,1.0,1.0,0.12130373,1.0,1.0,1.0,1.0,1.0,0.0,1.0,1.0,0.0,1.0,1.0,0.0,1.0,0.0,0.0
1.0,1.0,1.0,1.0,0.0041025877,1.0,1.0,1.0,1.0,1.0,0.0,1.0,1.0,0.0,1.0,1.0,0.0,1.0,0.0,0.0
1.0,1.0,1.0,1.0,0.0,1.0,0.9992551,7.345395e-08,1.0,1.0,0.0,1.0,1.0,9.105749e-34,0.89195836,0.9999999,0.0,1.0,2.0931198e-10,0.0
1.0,1.0,1.0,1.0,1.6790811e-13,1.0,0.9999997,1.0,1.0,1.0,0.0,1.0,1.0,0.0,1.0,1.0,0.0,1.0,7.8934526e-35,0.0
1.0,1.0,1.0,1.0,1.3139064e-11,1.0,0.99999946,1.0,1.0,1.0,0.0,1.0,1.0,0.0,1.0,1.0,0.0,1.0,4.8417654e-35,0.0
9.509232e-28,1.0,1.0,1.0,1.0,1.0,1.0,1.0,1.0,1.0,0.0,1.0,4.004829e-11,0.0,1.0,1.0,0.0,1.0,0.0,0.0
4.552225e-25,1.0,1.0,1.0,1.0,1.0,1.0,1.0,1.0,1.0,0.0,1.0,3.1280067e-08,0.0,1.0,1.0,0.0,1.0,0.0,0.0
4.171083e-25,1.0,1.0,1.0,1.0,1.0,1.0,1.0,1.0,1.0,0.0,1.0,1.4717033e-07,0.0,1.0,1.0,0.0,1.0,0.0,0.0
4.0045923e-26,1.0,1.0,1.0,1.0,1.0,1.0,1.0,1.0,1.0,0.0,1.0,2.927849e-08,0.0,1.0,1.0,0.0,1.0,0.0,0.0
1.77005e-28,1.0,1.0,1.0,1.0,1.0,1.0,1.0,1.0,1.0,0.0,1.0,2.9169492e-10,0.0,1.0,1.0,0.0,1.0,0.0,0.0
2.1579615e-32,1.0,1.0,1.0,1.0,1.0,1.0,1.0,1.0,1.0,0.0,1.0,4.057467e-14,0.0,1.0,1.0,0.0,1.0,0.0,0.0
8.859425e-27,1.0,1.0,1.0,1.0,1.0,1.0,1.0,1.0,1.0,0.0,1.0,1.371603e-09,0.0,1.0,1.0,0.0,1.0,0.0,0.0
4.176784e-32,1.0,1.0,1.0,1.0,1.0,1.0,1.0,1.0,1.0,0.0,1.0,8.794144e-14,0.0,1.0,1.0,0.0,1.0,0.0,0.0
6.517977e-32,1.0,1.0,1.0,1.0,1.0,1.0,1.0,1.0,1.0,0.0,1.0,1.1575002e-12,0.0,1.0,1.0,0.0,1.0,0.0,0.0
2.7174497e-32,1.0,1.0,1.0,1.0,1.0,1.0,1.0,1.0,1.0,0.0,1.0,4.971495e-13,0.0,1.0,1.0,0.0,1.0,0.0,0.0
1.3786671e-38,1.0,1.0,1.0,1.0,1.0,1.0,1.0,1.0,1.0,0.0,1.0,5.475235e-19,0.0,1.0,1.0,0.0,1.0,0.0,0.0
0.0,9.6136144e-05,1.0,1.0,1.0,1.0,1.0,1.0,1.0,1.0,0.0,1.0,0.0,0.0,1.0,1.0,0.0,0.9885491,0.0,1.5717878e-29
1.166345e-27,1.0,1.0,1.0,1.0,1.0,1.0,1.0,1.0,1.0,0.0,1.0,5.9681715e-10,0.0,1.0,1.0,0.0,1.0,0.0,0.0
9.694787e-28,1.0,1.0,1.0,1.0,1.0,1.0,1.0,1.0,1.0,0.0,1.0,5.365029e-10,0.0,1.0,1.0,0.0,1.0,0.0,0.0
7.518905e-25,1.0,1.0,1.0,1.0,1.0,1.0,1.0,1.0,1.0,0.0,1.0,1.1196672e-07,0.0,1.0,1.0,0.0,1.0,0.0,0.0
8.0748984e-30,1.0,1.0,1.0,1.0,1.0,1.0,1.0,1.0,1.0,0.0,1.0,3.098896e-12,0.0,1.0,1.0,0.0,1.0,0.0,0.0
1.4558608e-33,1.0,1.0,1.0,1.0,1.0,1.0,1.0,1.0,1.0,0.0,1.0,1.7342876e-14,0.0,1.0,1.0,0.0,1.0,0.0,0.0
8.0884537e-25,1.0,1.0,1.0,1.0,1.0,1.0,1.0,1.0,1.0,0.0,1.0,4.092178e-10,0.0,1.0,1.0,0.0,1.0,0.0,0.0
6.453227e-26,1.0,1.0,1.0,1.0,1.0,1.0,1.0,1.0,1.0,0.0,1.0,3.7836553e-11,0.0,1.0,1.0,0.0,1.0,0.0,0.0
6.5658366e-26,1.0,1.0,1.0,1.0,1.0,1.0,1.0,1.0,1.0,0.0,1.0,2.8367282e-09,0.0,1.0,1.0,0.0,1.0,0.0,0.0
1.1205574e-31,1.0,1.0,1.0,1.0,1.0,1.0,1.0,1.0,1.0,0.0,1.0,2.4663775e-14,0.0,1.0,1.0,0.0,1.0,0.0,0.0
1.5506026e-24,1.0,1.0,1.0,1.0,1.0,1.0,1.0,1.0,1.0,0.0,1.0,7.0490946e-09,0.0,1.0,1.0,0.0,1.0,0.0,0.0
1.1060318e-26,1.0,1.0,1.0,1.0,1.0,1.0,1.0,1.0,1.0,0.0,1.0,1.696768e-10,0.0,1.0,1.0,0.0,1.0,0.0,0.0
3.6374567e-26,1.0,1.0,1.0,1.0,1.0,1.0,1.0,1.0,1.0,0.0,1.0,3.1608938e-10,0.0,1.0,1.0,0.0,1.0,0.0,0.0
5.340832e-36,1.0,1.0,1.0,1.0,1.0,1.0,1.0,1.0,1.0,0.0,1.0,8.5350004e-17,0.0,1.0,1.0,0.0,0.99999875,0.0,0.0
2.318946e-25,1.0,1.0,1.0,1.0,1.0,1.0,1.0,1.0,1.0,0.0,1.0,1.6812061e-09,0.0,1.0,1.0,0.0,1.0,0.0,0.0
1.8579676e-24,1.0,1.0,1.0,1.0,1.0,1.0,1.0,1.0,1.0,0.0,1.0,5.170268e-09,0.0,1.0,1.0,0.0,1.0,0.0,0.0
2.6817472e-24,1.0,1.0,1.0,1.0,1.0,1.0,1.0,1.0,1.0,0.0,1.0,5.7679386e-09,0.0,1.0,1.0,0.0,1.0,0.0,0.0
0.0,1.0,1.0,1.0,1.0,1.0,1.0,1.0,1.0,1.0,0.0,1.0,2.610056e-26,0.0,1.0,1.0,0.0,0.99999964,0.0,0.0
1.0659235e-25,1.0,1.0,1.0,1.0,1.0,1.0,1.0,1.0,1.0,0.0,1.0,2.2543316e-10,0.0,1.0,1.0,0.0,1.0,0.0,0.0
1.1733877e-26,1.0,1.0,1.0,1.0,1.0,1.0,1.0,1.0,1.0,0.0,1.0,5.4612502e-11,0.0,1.0,1.0,0.0,1.0,0.0,0.0
3.693116e-27,1.0,1.0,1.0,1.0,1.0,1.0,1.0,1.0,1.0,0.0,1.0,5.656328e-11,0.0,1.0,1.0,0.0,1.0,0.0,0.0
1.8801795e-29,1.0,1.0,1.0,1.0,1.0,1.0,1.0,1.0,1.0,0.0,1.0,1.6757888e-13,0.0,1.0,1.0,0.0,1.0,0.0,0.0
2.1515014e-24,1.0,1.0,1.0,1.0,1.0,1.0,1.0,1.0,1.0,0.0,1.0,1.14552385e-08,0.0,1.0,1.0,0.0,1.0,0.0,0.0
9.332866e-25,1.0,1.0,1.0,1.0,1.0,1.0,1.0,1.0,1.0,0.0,1.0,1.451468e-08,0.0,1.0,1.0,0.0,1.0,0.0,0.0
2.220953e-28,1.0,1.0,1.0,1.0,1.0,1.0,1.0,1.0,1.0,0.0,1.0,1.2974409e-10,0.0,1.0,1.0,0.0,1.0,0.0,0.0
4.825196e-25,1.0,1.0,1.0,1.0,1.0,1.0,1.0,1.0,1.0,0.0,1.0,2.165326e-09,0.0,1.0,1.0,0.0,1.0,0.0,0.0
7.5479587e-25,1.0,1.0,1.0,1.0,1.0,1.0,1.0,1.0,1.0,0.0,1.0,3.447705e-08,0.0,1.0,1.0,0.0,1.0,0.0,0.0
2.2476597e-25,1.0,1.0,1.0,1.0,1.0,1.0,1.0,1.0,1.0,0.0,1.0,8.3718055e-09,0.0,1.0,1.0,0.0,1.0,0.0,0.0
3.0275002e-25,1.0,1.0,1.0,1.0,1.0,1.0,1.0,1.0,1.0,0.0,1.0,4.0323194e-09,0.0,1.0,1.0,0.0,1.0,0.0,0.0
3.3123623e-24,1.0,1.0,1.0,1.0,1.0,1.0,1.0,1.0,1.0,0.0,1.0,2.82232e-08,0.0,1.0,1.0,0.0,1.0,0.0,0.0
5.710096e-25,1.0,1.0,1.0,1.0,1.0,1.0,1.0,1.0,1.0,0.0,1.0,4.42363e-09,0.0,1.0,1.0,0.0,1.0,0.0,0.0
1.6020988e-28,1.0,1.0,1.0,1.0,1.0,1.0,1.0,1.0,1.0,0.0,1.0,1.2219438e-12,0.0,1.0,1.0,0.0,1.0,0.0,0.0
1.5870315e-36,1.0,1.0,1.0,1.0,1.0,1.0,1.0,1.0,1.0,0.0,1.0,1.2232209e-17,0.0,1.0,1.0,0.0,1.0,0.0,0.0
1.2826181e-26,1.0,1.0,1.0,1.0,1.0,1.0,1.0,1.0,1.0,0.0,1.0,6.2254264e-11,0.0,1.0,1.0,0.0,1.0,0.0,0.0
4.4019967e-25,1.0,1.0,1.0,1.0,1.0,1.0,1.0,1.0,1.0,0.0,1.0,2.793889e-09,0.0,1.0,1.0,0.0,1.0,0.0,0.0
4.379095e-28,1.0,1.0,1.0,1.0,1.0,1.0,1.0,1.0,1.0,0.0,1.0,1.0007959e-11,0.0,1.0,1.0,0.0,1.0,0.0,0.0
6.385174e-27,1.0,1.0,1.0,1.0,1.0,1.0,1.0,1.0,1.0,0.0,1.0,2.6859331e-10,0.0,1.0,1.0,0.0,1.0,0.0,0.0
0.0,1.0,1.0,1.0,1.0,1.0,1.0,1.0,1.0,1.0,0.0,1.0,4.5436616e-22,0.0,1.0,1.0,0.0,0.9999997,0.0,0.0
1.0727266e-34,1.0,1.0,1.0,1.0,1.0,1.0,1.0,1.0,1.0,0.0,1.0,7.9578626e-17,0.0,1.0,1.0,0.0,0.9999998,0.0,0.0
6.7730527e-31,1.0,1.0,1.0,1.0,1.0,1.0,1.0,1.0,1.0,0.0,1.0,5.616531e-14,0.0,1.0,1.0,0.0,1.0,0.0,0.0
3.086865e-36,1.0,1.0,1.0,1.0,1.0,1.0,1.0,1.0,1.0,0.0,1.0,1.5332564e-17,0.0,1.0,1.0,0.0,1.0,0.0,0.0
0.0,1.0,1.0,1.0,1.0,1.0,1.0,1.0,1.0,1.0,0.0,1.0,1.24770655e-20,0.0,1.0,1.0,0.0,1.0,0.0,0.0
0.0,0.99928474,1.0,1.0,1.0,1.0,1.0,1.0,1.0,1.0,0.0,1.0,0.0,0.0,1.0,1.0,0.0,0.99984497,0.0,2.244725e-36
0.0,2.0505909e-23,1.0,1.0,1.0,1.0,1.0,1.0,1.0,1.0,0.0,1.0,0.0,0.0,1.0,1.0,0.0,6.4392516e-05,0.0,8.6147906e-05
0.0,5.3396055e-15,1.0,1.0,1.0,1.0,1.0,1.0,1.0,1.0,0.0,1.0,0.0,0.0,1.0,1.0,0.0,0.16358922,0.0,2.8146338e-11
0.0,1.00201335e-13,1.0,1.0,1.0,1.0,1.0,1.0,1.0,1.0,0.0,1.0,0.0,0.0,1.0,1.0,0.0,0.03911369,0.0,7.723439e-08
0.0,0.9999992,1.0,1.0,1.0,1.0,1.0,1.0,1.0,1.0,0.0,1.0,5.0707158e-37,0.0,1.0,1.0,0.0,0.99979347,0.0,0.0
0.0,1.2895332e-07,1.0,1.0,1.0,1.0,1.0,1.0,1.0,1.0,0.0,1.0,0.0,0.0,1.0,1.0,0.0,0.059322808,0.0,1.1166918e-15
0.0,9.9951235e-15,1.0,1.0,1.0,1.0,1.0,1.0,1.0,1.0,0.0,1.0,0.0,0.0,1.0,1.0,0.0,0.057479043,0.0,2.133709e-08
0.0,3.6054767e-14,1.0,1.0,1.0,1.0,1.0,1.0,1.0,1.0,0.0,1.0,0.0,0.0,1.0,1.0,0.0,0.08228122,0.0,3.0949077e-09
0.0,0.075554475,1.0,1.0,1.0,1.0,1.0,1.0,1.0,1.0,0.0,1.0,0.0,0.0,1.0,1.0,0.0,0.9319264,0.0,1.7965205e-26
0.0,4.1913476e-21,1.0,1.0,1.0,1.0,1.0,1.0,1.0,1.0,0.0,1.0,0.0,0.0,1.0,1.0,0.0,8.016909e-06,0.0,0.0008681249
0.0,2.4484417e-09,1.0,1.0,1.0,1.0,1.0,1.0,1.0,1.0,0.0,1.0,0.0,0.0,1.0,1.0,0.0,0.24960676,0.0,1.7018686e-15
2.3301035e-38,1.0,1.0,1.0,1.0,1.0,1.0,1.0,1.0,1.0,0.0,1.0,1.4708371e-19,0.0,1.0,1.0,0.0,1.0,0.0,0.0
5.787337e-38,1.0,1.0,1.0,1.0,1.0,1.0,1.0,1.0,1.0,0.0,1.0,5.874899e-19,0.0,1.0,1.0,0.0,1.0,0.0,0.0
0.0,1.0,1.0,1.0,1.0,1.0,1.0,1.0,1.0,1.0,0.0,1.0,2.8892495e-23,0.0,1.0,1.0,0.0,0.9999999,0.0,0.0
0.0,7.0148945e-16,1.0,1.0,1.0,1.0,1.0,1.0,1.0,1.0,0.0,1.0,0.0,0.0,1.0,1.0,0.0,0.023295341,0.0,3.3613196e-07
0.0,8.1182314e-15,1.0,1.0,1.0,1.0,1.0,1.0,1.0,1.0,0.0,1.0,0.0,0.0,1.0,1.0,0.0,0.009543498,0.0,1.5488351e-09
0.0,3.5667505e-17,1.0,1.0,1.0,1.0,1.0,1.0,1.0,1.0,0.0,1.0,0.0,0.0,1.0,1.0,0.0,0.013571408,0.0,2.1031003e-06
0.0,4.4648132e-11,1.0,1.0,1.0,1.0,1.0,1.0,1.0,1.0,0.0,1.0,0.0,0.0,1.0,1.0,0.0,0.01979059,0.0,5.1378925e-14
0.0,1.8260256e-16,1.0,1.0,1.0,1.0,1.0,1.0,1.0,1.0,0.0,1.0,0.0,0.0,1.0,1.0,0.0,0.0007658632,0.0,1.1298436e-09
0.0,0.0012856263,1.0,1.0,1.0,1.0,1.0,1.0,1.0,1.0,0.0,1.0,0.0,0.0,1.0,1.0,0.0,0.9435843,0.0,2.6255172e-24
0.0,2.5812932e-10,1.0,1.0,1.0,1.0,1.0,1.0,1.0,1.0,0.0,1.0,0.0,0.0,1.0,1.0,0.0,0.6456809,0.0,4.734977e-16
0.0,3.1945052e-07,1.0,1.0,1.0,1.0,1.0,1.0,1.0,1.0,0.0,1.0,0.0,0.0,1.0,1.0,0.0,0.871001,0.0,6.753373e-22
0.0,2.0696364e-08,1.0,1.0,1.0,1.0,1.0,1.0,1.0,1.0,0.0,1.0,0.0,0.0,1.0,1.0,0.0,0.87736344,0.0,2.374379e-20
0.0,0.0001267194,1.0,1.0,1.0,1.0,1.0,1.0,1.0,1.0,0.0,1.0,0.0,0.0,1.0,1.0,0.0,0.9417418,0.0,1.9418056e-26
0.0,1.7624125e-05,1.0,1.0,1.0,1.0,1.0,1.0,1.0,1.0,0.0,1.0,0.0,0.0,1.0,1.0,0.0,0.97217166,0.0,3.8353323e-25
0.0,3.081715e-07,1.0,1.0,1.0,1.0,1.0,1.0,1.0,1.0,0.0,1.0,0.0,0.0,1.0,1.0,0.0,0.9291284,0.0,3.486867e-24
0.0,0.00022978238,1.0,1.0,1.0,1.0,1.0,1.0,1.0,1.0,0.0,1.0,0.0,0.0,1.0,1.0,0.0,0.9798245,0.0,1.2740418e-24
0.0,1.8066194e-15,1.0,1.0,1.0,1.0,1.0,1.0,1.0,1.0,0.0,1.0,0.0,0.0,1.0,1.0,0.0,0.065940775,0.0,3.9265376e-11
0.0,3.1398992e-17,1.0,1.0,1.0,1.0,1.0,1.0,1.0,1.0,0.0,1.0,0.0,0.0,1.0,1.0,0.0,0.021796772,0.0,5.3103254e-06
0.0,1.3021908e-06,1.0,1.0,1.0,1.0,1.0,1.0,1.0,1.0,0.0,1.0,0.0,0.0,1.0,1.0,0.0,0.5913318,0.0,3.6846087e-16
6.432438e-25,1.0,1.0,1.0,1.0,1.0,1.0,1.0,1.0,1.0,0.0,1.0,6.615333e-09,0.0,1.0,1.0,0.0,1.0,0.0,0.0
1.01044685e-27,1.0,1.0,1.0,1.0,1.0,1.0,1.0,1.0,1.0,0.0,1.0,6.313171e-11,0.0,1.0,1.0,0.0,1.0,0.0,0.0
1.4977489e-26,1.0,1.0,1.0,1.0,1.0,1.0,1.0,1.0,1.0,0.0,1.0,3.0043698e-10,0.0,1.0,1.0,0.0,1.0,0.0,0.0
4.3608e-24,1.0,1.0,1.0,1.0,1.0,1.0,1.0,1.0,1.0,0.0,1.0,3.0116706e-08,0.0,1.0,1.0,0.0,1.0,0.0,0.0
3.064565e-26,1.0,1.0,1.0,1.0,1.0,1.0,1.0,1.0,1.0,0.0,1.0,3.8007705e-10,0.0,1.0,1.0,0.0,1.0,0.0,0.0
0.0,1.0,1.0,1.0,1.0,1.0,1.0,1.0,1.0,1.0,0.0,1.0,1.8787723e-31,0.0,1.0,1.0,0.0,0.9999977,0.0,0.0
0.0,1.867896e-12,1.0,1.0,1.0,1.0,1.0,1.0,1.0,1.0,0.0,1.0,0.0,0.0,1.0,1.0,0.0,0.29708886,0.0,5.446681e-13
4.3576924e-38,1.0,1.0,1.0,1.0,1.0,1.0,1.0,1.0,1.0,0.0,1.0,2.454709e-19,0.0,1.0,1.0,0.0,1.0,0.0,0.0
3.5776907e-26,1.0,1.0,1.0,1.0,1.0,1.0,1.0,1.0,1.0,0.0,1.0,1.1887364e-09,0.0,1.0,1.0,0.0,1.0,0.0,0.0
1.8528363e-24,1.0,1.0,1.0,1.0,1.0,1.0,1.0,1.0,1.0,0.0,1.0,1.4709997e-08,0.0,1.0,1.0,0.0,1.0,0.0,0.0
0.0,1.0,1.0,1.0,1.0,1.0,1.0,1.0,1.0,1.0,0.0,1.0,1.4944083e-21,0.0,1.0,1.0,0.0,1.0,0.0,0.0
0.0,2.8400285e-18,1.0,1.0,1.0,1.0,1.0,1.0,1.0,1.0,0.0,1.0,0.0,0.0,1.0,1.0,0.0,0.028065057,0.0,3.405726e-07
3.1700127e-31,1.0,1.0,1.0,1.0,1.0,1.0,1.0,1.0,1.0,0.0,1.0,5.4956304e-14,0.0,1.0,1.0,0.0,1.0,0.0,0.0
1.9239769e-26,1.0,1.0,1.0,1.0,1.0,1.0,1.0,1.0,1.0,0.0,1.0,1.2499956e-09,0.0,1.0,1.0,0.0,1.0,0.0,0.0
7.6981673e-28,1.0,1.0,1.0,1.0,1.0,1.0,1.0,1.0,1.0,0.0,1.0,2.6348153e-11,0.0,1.0,1.0,0.0,1.0,0.0,0.0
0.0,1.2290723e-17,1.0,1.0,1.0,1.0,1.0,1.0,1.0,1.0,0.0,1.0,0.0,0.0,1.0,1.0,0.0,0.0301735,0.0,9.048079e-08
0.0,6.886584e-11,1.0,1.0,1.0,1.0,1.0,1.0,1.0,1.0,0.0,1.0,0.0,0.0,1.0,1.0,0.0,0.52355343,0.0,1.6657386e-16
0.0,6.6760125e-16,1.0,1.0,1.0,1.0,1.0,1.0,1.0,1.0,0.0,1.0,0.0,0.0,1.0,1.0,0.0,0.049561884,0.0,2.4529572e-09
0.0,3.4406092e-16,1.0,1.0,1.0,1.0,1.0,1.0,1.0,1.0,0.0,1.0,0.0,0.0,1.0,1.0,0.0,0.013335069,0.0,7.191993e-09
0.0,1.0,1.0,1.0,1.0,1.0,1.0,1.0,1.0,1.0,0.0,1.0,1.1556375e-25,0.0,1.0,1.0,0.0,0.99999976,0.0,0.0
3.8455285e-25,1.0,1.0,1.0,1.0,1.0,1.0,1.0,1.0,1.0,0.0,1.0,7.685511e-08,0.0,1.0,1.0,0.0,1.0,0.0,0.0
0.0,1.0,1.0,1.0,1.0,1.0,1.0,1.0,1.0,1.0,0.0,1.0,7.597228e-28,0.0,1.0,1.0,0.0,0.99999964,0.0,0.0
2.3196627e-25,1.0,1.0,1.0,1.0,1.0,1.0,1.0,1.0,1.0,0.0,1.0,2.4747777e-08,0.0,1.0,1.0,0.0,1.0,0.0,0.0
3.340072e-25,1.0,1.0,1.0,1.0,1.0,1.0,1.0,1.0,1.0,0.0,1.0,9.4314025e-08,0.0,1.0,1.0,0.0,1.0,0.0,0.0
4.3436974e-25,1.0,1.0,1.0,1.0,1.0,1.0,1.0,1.0,1.0,0.0,1.0,6.99986e-08,0.0,1.0,1.0,0.0,1.0,0.0,0.0
1.1692724e-26,1.0,1.0,1.0,1.0,1.0,1.0,1.0,1.0,1.0,0.0,1.0,1.3513986e-07,0.0,1.0,1.0,0.0,1.0,0.0,0.0
2.584626e-38,1.0,1.0,1.0,1.0,1.0,1.0,1.0,1.0,1.0,0.0,1.0,8.402906e-16,0.0,1.0,1.0,0.0,1.0,0.0,0.0
0.0,2.9553207e-14,1.0,1.0,1.0,1.0,1.0,1.0,1.0,1.0,0.0,1.0,0.0,0.0,1.0,1.0,0.0,0.097968325,0.0,5.321293e-12
1.3174888e-35,1.0,1.0,1.0,1.0,1.0,1.0,1.0,1.0,1.0,0.0,1.0,1.7301847e-17,0.0,1.0,1.0,0.0,1.0,0.0,0.0
2.734733e-32,1.0,1.0,1.0,1.0,1.0,1.0,1.0,1.0,1.0,0.0,1.0,7.812807e-13,0.0,1.0,1.0,0.0,1.0,0.0,0.0
4.4622295e-28,1.0,1.0,1.0,1.0,1.0,1.0,1.0,1.0,1.0,0.0,1.0,3.6797218e-08,0.0,1.0,1.0,0.0,1.0,0.0,0.0
8.83972e-25,1.0,1.0,1.0,1.0,1.0,1.0,1.0,1.0,1.0,0.0,1.0,1.1222778e-07,0.0,1.0,1.0,0.0,1.0,0.0,0.0
1.7131424e-24,1.0,1.0,1.0,1.0,1.0,1.0,1.0,1.0,1.0,0.0,1.0,1.1645751e-07,0.0,1.0,1.0,0.0,1.0,0.0,0.0
6.005073e-26,1.0,1.0,1.0,1.0,1.0,1.0,1.0,1.0,1.0,0.0,1.0,7.738273e-08,0.0,1.0,1.0,0.0,1.0,0.0,0.0
6.417862e-30,1.0,1.0,1.0,1.0,1.0,1.0,1.0,1.0,1.0,0.0,1.0,2.645321e-10,0.0,1.0,1.0,0.0,1.0,0.0,0.0
2.3514158e-32,1.0,1.0,1.0,1.0,1.0,1.0,1.0,1.0,1.0,0.0,1.0,1.27008855e-14,0.0,1.0,1.0,0.0,1.0,0.0,0.0
0.0,1.0,1.0,1.0,1.0,1.0,1.0,1.0,1.0,1.0,0.0,1.0,5.452425e-22,0.0,1.0,1.0,0.0,1.0,0.0,0.0
2.6844903e-24,1.0,1.0,1.0,1.0,1.0,1.0,1.0,1.0,1.0,0.0,1.0,3.7197754e-08,0.0,1.0,1.0,0.0,1.0,0.0,0.0
8.966766e-34,1.0,1.0,1.0,1.0,1.0,1.0,1.0,1.0,1.0,0.0,1.0,2.2722048e-16,0.0,1.0,1.0,0.0,1.0,0.0,0.0
9.476098e-28,1.0,1.0,1.0,1.0,1.0,1.0,1.0,1.0,1.0,0.0,1.0,4.8697577e-11,0.0,1.0,1.0,0.0,1.0,0.0,0.0
2.4471899e-28,1.0,1.0,1.0,1.0,1.0,1.0,1.0,1.0,1.0,0.0,1.0,1.803945e-10,0.0,1.0,1.0,0.0,1.0,0.0,0.0
2.2716734e-26,1.0,1.0,1.0,1.0,1.0,1.0,1.0,1.0,1.0,0.0,1.0,3.8074282e-07,0.0,1.0,1.0,0.0,1.0,0.0,0.0
3.150479e-26,1.0,1.0,1.0,1.0,1.0,1.0,1.0,1.0,1.0,0.0,1.0,1.4835176e-07,0.0,1.0,1.0,0.0,1.0,0.0,0.0
1.1870343e-25,1.0,1.0,1.0,1.0,1.0,1.0,1.0,1.0,1.0,0.0,1.0,3.290395e-07,0.0,1.0,1.0,0.0,1.0,0.0,0.0
1.8585734e-28,1.0,1.0,1.0,1.0,1.0,1.0,1.0,1.0,1.0,0.0,1.0,4.5798063e-07,0.0,1.0,1.0,0.0,1.0,0.0,0.0
3.27747e-32,1.0,1.0,1.0,1.0,1.0,1.0,1.0,1.0,1.0,0.0,1.0,2.0092705e-10,0.0,1.0,1.0,0.0,1.0,0.0,0.0
1.9477979e-28,1.0,1.0,1.0,1.0,1.0,1.0,1.0,1.0,1.0,0.0,1.0,6.393254e-08,0.0,1.0,1.0,0.0,1.0,0.0,0.0
5.532048e-26,1.0,1.0,1.0,1.0,1.0,1.0,1.0,1.0,1.0,0.0,1.0,3.0175297e-08,0.0,1.0,1.0,0.0,1.0,0.0,0.0
1.124786e-28,1.0,1.0,1.0,1.0,1.0,1.0,1.0,1.0,1.0,0.0,1.0,3.309901e-08,0.0,1.0,1.0,0.0,1.0,0.0,0.0
4.8656675e-28,1.0,1.0,1.0,1.0,1.0,1.0,1.0,1.0,1.0,0.0,1.0,5.8572997e-15,0.0,1.0,1.0,0.0,1.0,0.0,0.0
1.2836101e-36,1.0,1.0,1.0,1.0,1.0,1.0,1.0,1.0,1.0,0.0,1.0,1.0382067e-22,0.0,1.0,1.0,0.0,1.0,0.0,0.0
0.0,1.0,1.0,1.0,1.0,1.0,1.0,1.0,1.0,1.0,0.0,1.0,8.785787e-27,0.0,1.0,1.0,0.0,1.0,0.0,0.0
2.0974769e-28,1.0,1.0,1.0,1.0,1.0,1.0,1.0,1.0,1.0,0.0,1.0,9.976719e-16,0.0,1.0,1.0,0.0,1.0,0.0,0.0
2.5150669e-28,1.0,1.0,1.0,1.0,1.0,1.0,1.0,1.0,1.0,0.0,1.0,3.3018574e-14,0.0,1.0,1.0,0.0,1.0,0.0,0.0
1.0,1.0,1.0,1.0,5.5993307e-18,1.0,1.0,1.0,1.0,1.0,0.0,1.0,1.0,0.0,1.0,1.0,0.0,1.0,0.0,0.0
1.0,1.0,1.0,1.0,1.9273803e-16,1.0,1.0,1.0,1.0,1.0,0.0,1.0,1.0,0.0,1.0,1.0,0.0,1.0,0.0,0.0
1.0,1.0,1.0,1.0,3.9528087e-14,1.0,1.0,1.0,1.0,1.0,0.0,1.0,1.0,0.0,0.9999999,1.0,0.0,1.0,0.0,0.0
1.0,1.0,1.0,1.0,6.3348237e-22,1.0,1.0,1.0,1.0,1.0,0.0,1.0,1.0,0.0,1.0,1.0,0.0,1.0,0.0,0.0
1.0,1.0,1.0,1.0,9.990747e-21,1.0,1.0,1.0,1.0,1.0,0.0,1.0,1.0,0.0,1.0,1.0,0.0,1.0,0.0,0.0
1.0,1.0,1.0,1.0,7.942899e-20,1.0,1.0,1.0,1.0,1.0,0.0,1.0,1.0,0.0,1.0,1.0,0.0,1.0,0.0,0.0
1.0,1.0,1.0,1.0,4.086251e-21,1.0,1.0,1.0,1.0,1.0,0.0,1.0,1.0,0.0,1.0,1.0,0.0,1.0,0.0,0.0
1.0,1.0,1.0,1.0,3.437162e-22,1.0,1.0,1.0,1.0,1.0,0.0,1.0,1.0,0.0,1.0,1.0,0.0,1.0,0.0,0.0
1.0,1.0,1.0,1.0,0.0,1.0,1.0,1.0,1.0,1.0,0.0,1.0,1.0,0.0,0.9390379,1.0,0.0,1.0,1.1076304e-29,0.0
1.0,1.0,1.0,1.0,0.0,1.0,1.0,1.0,1.0,1.0,0.0,1.0,1.0,0.0,0.95690835,1.0,0.0,1.0,1.3181364e-29,0.0
1.0,1.0,1.0,1.0,0.0,1.0,1.0,1.0,1.0,1.0,0.0,1.0,1.0,0.0,0.99725765,1.0,0.0,1.0,9.851243e-30,0.0
1.0,1.0,1.0,1.0,0.0,1.0,1.0,1.0,1.0,1.0,0.0,1.0,1.0,0.0,0.9973782,1.0,0.0,1.0,6.663955e-30,0.0
1.0,1.0,1.0,1.0,0.0,1.0,1.0,1.0,1.0,1.0,0.0,1.0,1.0,0.0,0.97830546,1.0,0.0,1.0,1.0936409e-29,0.0
