0,0.565,0,6.5878,0.0076
0,0.56826,0,6.5793,0.0075973
7.6042e-08,0.57155,3.3356e-16,6.5707,0.0075945
2.3007e-07,0.57484,0,6.562,0.0075918
4.6409e-07,0.57816,0,6.5534,0.007589
7.8012e-07,0.5815,0,6.5446,0.0075862
1.1802e-06,0.58485,0,6.5359,0.0075834
1.6666e-06,0.58822,0,6.527,0.0075806
2.2414e-06,0.59161,0,6.5182,0.0075778
2.9068e-06,0.59502,0,6.5093,0.007575
3.6651e-06,0.59844,0,6.5003,0.0075721
4.5187e-06,0.60188,0,6.4913,0.0075693
5.4699e-06,0.60535,0,6.4822,0.0075664
6.5212e-06,0.60883,0,6.4731,0.0075635
7.675e-06,0.61232,0,6.464,0.0075606
8.934e-06,0.61584,0,6.4548,0.0075577
1.0301e-05,0.61938,0,6.4455,0.0075548
1.1778e-05,0.62293,0,6.4362,0.0075519
1.3368e-05,0.62651,0,6.4269,0.007549
1.5074e-05,0.6301,0,6.4175,0.007546
1.6899e-05,0.63371,0,6.408,0.007543
1.8845e-05,0.63734,0,6.3985,0.00754
2.0917e-05,0.64099,0,6.389,0.0075371
2.3115e-05,0.64466,0,6.3794,0.007534
2.5445e-05,0.64835,0,6.3697,0.007531
2.7909e-05,0.65206,0,6.36,0.007528
3.051e-05,0.65578,0,6.3502,0.0075249
3.3252e-05,0.65953,0,6.3404,0.0075219
3.6138e-05,0.6633,0,6.3306,0.0075188
3.9171e-05,0.66708,0,6.3207,0.0075157
4.2356e-05,0.67089,0,6.3107,0.0075126
4.5695e-05,0.67471,0,6.3007,0.0075095
4.9193e-05,0.67856,0,6.2906,0.0075064
5.2854e-05,0.68242,0,6.2805,0.0075033
5.6681e-05,0.68631,0,6.2704,0.0075001
6.0678e-05,0.69021,0,6.2601,0.0074969
6.485e-05,0.69414,0,6.2499,0.0074938
6.92e-05,0.69808,0,6.2395,0.0074906
7.3734e-05,0.70205,0,6.2291,0.0074874
7.8455e-05,0.70604,0,6.2187,0.0074841
8.3367e-05,0.71004,0,6.2082,0.0074809
8.8477e-05,0.71407,0,6.1977,0.0074776
9.3787e-05,0.71812,0,6.1871,0.0074744
9.9304e-05,0.72219,0,6.1764,0.0074711
0.00010503,0.72628,0,6.1657,0.0074678
0.00011098,0.73039,0,6.155,0.0074645
0.00011714,0.73452,0,6.1441,0.0074612
0.00012353,0.73867,0,6.1333,0.0074579
0.00013016,0.74284,0,6.1223,0.0074545
0.00013702,0.74704,0,6.1114,0.0074511
0.00014412,0.75125,0,6.1003,0.0074478
0.00015148,0.75549,0,6.0892,0.0074444
0.00015908,0.75975,0,6.0781,0.007441
0.00016695,0.76403,0,6.0669,0.0074376
0.00017509,0.76833,0,6.0556,0.0074341
0.0001835,0.77265,0,6.0443,0.0074307
0.00019219,0.777,0,6.0329,0.0074272
0.00020117,0.78136,0,6.0215,0.0074237
0.00021044,0.78575,0,6.01,0.0074202
0.00022002,0.79016,0,5.9984,0.0074167
0.0002299,0.79459,0,5.9868,0.0074132
0.0002401,0.79904,0,5.9752,0.0074097
0.00025061,0.80351,0,5.9634,0.0074061
0.00026147,0.80801,0,5.9517,0.0074025
0.00027265,0.81253,0,5.9398,0.007399
0.00028419,0.81707,0,5.9279,0.0073954
0.00029608,0.82163,0,5.916,0.0073917
0.00030834,0.82622,0,5.9039,0.0073881
0.00032096,0.83083,0,5.8919,0.0073845
0.00033397,0.83546,0,5.8797,0.0073808
0.00034737,0.84011,0,5.8676,0.0073771
0.00036117,0.84478,0,5.8553,0.0073735
0.00037537,0.84948,0,5.843,0.0073697
0.00039,0.8542,0,5.8306,0.007366
0.00040506,0.85894,0,5.8182,0.0073623
0.00042055,0.86371,0,5.8057,0.0073585
0.00043649,0.86849,0,5.7931,0.0073548
0.0004529,0.8733,0,5.7805,0.007351
0.00046978,0.87814,0,5.7679,0.0073472
0.00048714,0.88299,0,5.7551,0.0073434
0.00050499,0.88787,0,5.7423,0.0073396
0.00052335,0.89277,0,5.7295,0.0073357
0.00054223,0.8977,0,5.7166,0.0073318
0.00056164,0.90265,0,5.7036,0.007328
0.0005816,0.90762,0,5.6906,0.0073241
0.00060211,0.91261,0,5.6775,0.0073202
0.00062319,0.91763,0,5.6643,0.0073162
0.00064486,0.92267,0,5.6511,0.0073123
0.00066712,0.92773,0,5.6378,0.0073084
0.00069,0.93282,0,5.6245,0.0073044
0.0007135,0.93793,0,5.611,0.0073004
0.00073765,0.94306,0,5.5976,0.0072964
0.00076245,0.94822,0,5.584,0.0072924
0.00078793,0.9534,0,5.5705,0.0072883
0.0008141,0.9586,0,5.5568,0.0072843
0.00084098,0.96383,0,5.5431,0.0072802
0.00086858,0.96908,0,5.5293,0.0072761
0.00089693,0.97435,0,5.5154,0.007272
0.00092603,0.97965,0,5.5015,0.0072679
0.00095591,0.98497,0,5.4876,0.0072638
0.00098659,0.99031,0,5.4735,0.0072596
0.0010181,0.99568,0,5.4594,0.0072555
0.0010504,1.0011,0,5.4453,0.0072513
0.0010836,1.0065,0,5.4311,0.0072471
0.0011177,1.0119,0,5.4168,0.0072429
0.0011526,1.0174,0,5.4024,0.0072387
0.0011885,1.0229,0,5.388,0.0072344
0.0012253,1.0284,0,5.3735,0.0072302
0.0012631,1.0339,0,5.359,0.0072259
0.0013019,1.0395,0,5.3444,0.0072216
0.0013417,1.045,0,5.3297,0.0072173
0.0013826,1.0506,0,5.315,0.007213
0.0014245,1.0563,0,5.3002,0.0072086
0.0014674,1.0619,0,5.2854,0.0072042
0.0015116,1.0676,0,5.2704,0.0071999
0.0015568,1.0733,0,5.2554,0.0071955
0.0016032,1.079,0,5.2404,0.0071911
0.0016509,1.0848,0,5.2253,0.0071867
0.0016997,1.0905,0,5.2101,0.0071822
0.0017498,1.0963,0,5.1949,0.0071778
0.0018012,1.1021,0,5.1796,0.0071733
0.001854,1.108,0,5.1642,0.0071688
0.0019081,1.1138,0,5.1488,0.0071643
0.0019635,1.1197,0,5.1333,0.0071598
0.0020204,1.1256,0,5.1177,0.0071552
0.0020788,1.1315,0,5.1021,0.0071507
0.0021387,1.1375,0,5.0864,0.0071461
0.0022001,1.1435,0,5.0707,0.0071415
0.002263,1.1495,0,5.0549,0.0071369
0.0023276,1.1555,0,5.039,0.0071323
0.0023938,1.1615,0,5.0231,0.0071277
0.0024617,1.1676,0,5.0071,0.007123
0.0025313,1.1737,0,4.991,0.0071184
0.0026028,1.1798,0,4.9749,0.0071137
0.002676,1.1859,0,4.9587,0.007109
0.0027511,1.1921,0,4.9424,0.0071043
0.0028281,1.1983,0,4.9261,0.0070995
0.002907,1.2045,0,4.9097,0.0070948
0.002988,1.2107,0,4.8933,0.00709
0.003071,1.217,0,4.8768,0.0070852
0.0031561,1.2232,0,4.8602,0.0070805
0.0032434,1.2295,0,4.8436,0.0070756
0.0033329,1.2358,0,4.8269,0.0070708
0.0034247,1.2422,0,4.8102,0.007066
0.0035187,1.2485,0,4.7934,0.0070611
0.0036152,1.2549,0,4.7765,0.0070563
0.0037141,1.2613,0,4.7596,0.0070514
0.0038155,1.2677,0,4.7426,0.0070465
0.0039195,1.2742,0,4.7255,0.0070416
0.0040261,1.2806,0,4.7084,0.0070366
0.0041353,1.2871,0,4.6912,0.0070317
0.0042474,1.2936,0,4.674,0.0070267
0.0043622,1.3001,0,4.6567,0.0070217
0.00448,1.3067,0,4.6393,0.0070167
0.0046007,1.3132,0,4.6219,0.0070117
0.0047245,1.3198,0,4.6045,0.0070067
0.0048514,1.3264,0,4.5869,0.0070017
0.0049815,1.333,0,4.5693,0.0069966
0.0051149,1.3397,0,4.5517,0.0069916
0.0052516,1.3463,0,4.534,0.0069865
0.0053918,1.353,0,4.5162,0.0069814
0.0055355,1.3597,0,4.4984,0.0069763
0.0056828,1.3664,0,4.4805,0.0069712
0.0058338,1.3732,0,4.4626,0.006966
0.0059886,1.3799,0,4.4446,0.0069609
0.0061473,1.3867,0,4.4266,0.0069557
0.0063099,1.3935,0,4.4085,0.0069505
0.0064767,1.4003,0,4.3903,0.0069453
0.0066477,1.4071,0,4.3721,0.0069401
0.0068229,1.414,0,4.3539,0.0069349
0.0070025,1.4208,0,4.3355,0.0069297
0.0071867,1.4277,0,4.3172,0.0069245
0.0073754,1.4346,0,4.2988,0.0069192
0.0075689,1.4415,0,4.2803,0.0069139
0.0077672,1.4484,0,4.2618,0.0069086
0.0079705,1.4554,0,4.2432,0.0069034
0.0081788,1.4623,0,4.2246,0.006898
0.0083924,1.4693,0,4.2059,0.0068927
0.0086113,1.4763,0,4.1872,0.0068874
0.0088357,1.4833,0,4.1684,0.0068821
0.0090657,1.4903,0,4.1496,0.0068767
0.0093014,1.4973,0,4.1307,0.0068713
0.009543,1.5044,0,4.1118,0.006866
0.0097906,1.5114,0,4.0928,0.0068606
0.010044,1.5185,0,4.0738,0.0068552
0.010305,1.5255,0,4.0548,0.0068498
0.010571,1.5326,0,4.0357,0.0068443
0.010844,1.5397,0,4.0165,0.0068389
0.011124,1.5468,0,3.9973,0.0068335
0.011411,1.5539,0,3.9781,0.006828
0.011705,1.5611,0,3.9588,0.0068226
0.012007,1.5682,0,3.9395,0.0068171
0.012315,1.5753,0,3.9201,0.0068116
0.012632,1.5825,0,3.9007,0.0068061
0.012956,1.5897,0,3.8813,0.0068006
0.013288,1.5968,0,3.8618,0.0067951
0.013629,1.604,0,3.8423,0.0067896
0.013978,1.6112,0,3.8228,0.0067841
0.014335,1.6184,0,3.8032,0.0067785
0.014701,1.6256,0,3.7836,0.006773
0.015076,1.6328,0,3.7639,0.0067675
0.015461,1.64,0,3.7442,0.0067619
0.015855,1.6472,0,3.7245,0.0067563
0.016258,1.6544,0,3.7048,0.0067508
0.016671,1.6616,0,3.685,0.0067452
0.017095,1.6688,0,3.6652,0.0067396
0.017528,1.6761,0,3.6453,0.006734
0.017973,1.6833,0,3.6255,0.0067284
0.018428,1.6905,0,3.6056,0.0067228
0.018894,1.6977,0,3.5856,0.0067172
0.019371,1.705,0,3.5657,0.0067116
0.01986,1.7122,0,3.5457,0.006706
0.02036,1.7194,0,3.5257,0.0067004
0.020873,1.7266,0,3.5057,0.0066947
0.021398,1.7338,0,3.4856,0.0066891
0.021936,1.741,0,3.4656,0.0066835
0.022486,1.7482,0,3.4455,0.0066778
0.02305,1.7554,0,3.4254,0.0066722
0.023627,1.7626,0,3.4053,0.0066666
0.024218,1.7698,0,3.3852,0.0066609
0.024822,1.777,0,3.365,0.0066553
0.025441,1.7842,0,3.3449,0.0066496
0.026075,1.7914,0,3.3247,0.006644
0.026724,1.7985,0,3.3045,0.0066383
0.027387,1.8057,0,3.2843,0.0066327
0.028067,1.8128,0,3.2641,0.006627
0.028762,1.8199,0,3.2439,0.0066214
0.029473,1.827,0,3.2237,0.0066157
0.030201,1.8341,0,3.2034,0.0066101
0.030946,1.8412,0,3.1832,0.0066044
0.031708,1.8483,0,3.163,0.0065988
0.032487,1.8554,0,3.1428,0.0065931
0.033285,1.8624,0,3.1225,0.0065875
0.0341,1.8694,0,3.1023,0.0065818
0.034934,1.8764,0,3.0821,0.0065762
0.035787,1.8834,0,3.0618,0.0065705
0.03666,1.8904,0,3.0416,0.0065649
0.037552,1.8973,0,3.0214,0.0065593
0.038464,1.9042,0,3.0012,0.0065536
0.039396,1.9111,0,2.981,0.006548
0.040349,1.918,0,2.9608,0.0065424
0.041324,1.9249,0,2.9406,0.0065368
0.042319,1.9317,0,2.9205,0.0065312
0.043337,1.9385,0,2.9003,0.0065256
0.044377,1.9453,0,2.8802,0.00652
0.04544,1.9521,0,2.8601,0.0065144
0.046525,1.9588,0,2.84,0.0065088
0.047634,1.9655,0,2.8199,0.0065032
0.048767,1.9721,0,2.7998,0.0064977
0.049924,1.9788,0,2.7798,0.0064921
0.051106,1.9854,0,2.7598,0.0064866
0.052313,1.9919,0,2.7398,0.006481
0.053545,1.9985,0,2.7198,0.0064755
0.054803,2.005,0,2.6999,0.00647
0.056087,2.0114,0,2.68,0.0064645
0.057398,2.0179,0,2.6601,0.006459
0.058736,2.0243,0,2.6403,0.0064535
0.060101,2.0306,0,2.6205,0.006448
0.061494,2.0369,0,2.6007,0.0064425
0.062915,2.0432,0,2.581,0.0064371
0.064364,2.0494,0,2.5613,0.0064316
0.065843,2.0556,0,2.5417,0.0064262
0.067351,2.0618,0,2.5221,0.0064208
0.068888,2.0679,0,2.5025,0.0064154
0.070456,2.0739,0,2.483,0.00641
0.072054,2.0799,0,2.4635,0.0064047
0.073684,2.0859,0,2.4441,0.0063993
0.075344,2.0918,0,2.4247,0.006394
0.077036,2.0977,0,2.4054,0.0063886
0.07876,2.1035,0,2.3861,0.0063833
0.080516,2.1092,0,2.3669,0.006378
0.082305,2.115,0,2.3477,0.0063728
0.084127,2.1206,0,2.3286,0.0063675
0.085983,2.1262,0,2.3096,0.0063623
0.087872,2.1318,0,2.2906,0.0063571
0.089795,2.1373,0,2.2716,0.0063519
0.091753,2.1427,0,2.2528,0.0063467
0.093745,2.1481,0,2.234,0.0063415
0.095773,2.1535,0,2.2152,0.0063364
0.097835,2.1587,0,2.1965,0.0063313
0.099934,2.1639,0,2.1779,0.0063262
0.10207,2.1691,0,2.1594,0.0063211
0.10424,2.1742,0,2.1409,0.006316
0.10645,2.1792,0,2.1225,0.006311
0.10869,2.1842,0,2.1042,0.006306
0.11097,2.1891,0,2.086,0.006301
0.11329,2.1939,0,2.0678,0.006296
0.11565,2.1987,0,2.0497,0.0062911
0.11804,2.2034,0,2.0317,0.0062861
0.12047,2.2081,0,2.0137,0.0062812
0.12294,2.2127,0,1.9959,0.0062764
0.12545,2.2172,0,1.9781,0.0062715
0.12799,2.2216,0,1.9604,0.0062667
0.13058,2.226,0,1.9428,0.0062619
0.1332,2.2303,0,1.9252,0.0062571
0.13587,2.2346,0,1.9078,0.0062524
0.13857,2.2387,0,1.8904,0.0062476
0.14131,2.2428,0,1.8732,0.006243
0.14409,2.2469,0,1.856,0.0062383
0.14692,2.2508,0,1.8389,0.0062336
0.14978,2.2547,0,1.8219,0.006229
0.15268,2.2585,0,1.805,0.0062244
0.15562,2.2623,0,1.7882,0.0062199
0.1586,2.2659,0,1.7715,0.0062153
0.16162,2.2695,0,1.7549,0.0062108
0.16468,2.2731,0,1.7383,0.0062064
0.16778,2.2765,0,1.7219,0.0062019
0.17092,2.2799,0,1.7056,0.0061975
0.1741,2.2832,0,1.6894,0.0061931
0.17732,2.2864,0,1.6732,0.0061887
0.18058,2.2895,0,1.6572,0.0061844
0.18388,2.2926,0,1.6413,0.0061801
0.18723,2.2956,0,1.6255,0.0061758
0.19061,2.2985,0,1.6097,0.0061716
0.19403,2.3014,0,1.5941,0.0061674
0.19749,2.3041,0,1.5786,0.0061632
0.20099,2.3068,0,1.5632,0.0061591
0.20453,2.3094,0,1.5479,0.0061549
0.20811,2.312,0,1.5327,0.0061509
0.21172,2.3144,0,1.5176,0.0061468
0.21538,2.3168,0,1.5026,0.0061428
0.21908,2.3191,0,1.4877,0.0061388
0.22281,2.3213,0,1.473,0.0061348
0.22659,2.3235,0,1.4583,0.0061309
0.2304,2.3255,0,1.4438,0.006127
0.23425,2.3275,0,1.4293,0.0061231
0.23814,2.3294,0,1.415,0.0061193
0.24207,2.3313,0,1.4008,0.0061155
0.24603,2.333,0,1.3866,0.0061117
0.25003,2.3347,0,1.3726,0.006108
0.25407,2.3363,0,1.3587,0.0061043
0.25815,2.3379,0,1.345,0.0061006
0.26226,2.3393,0,1.3313,0.0060969
0.26641,2.3407,0,1.3177,0.0060933
0.2706,2.342,0,1.3043,0.0060898
0.27482,2.3432,0,1.291,0.0060862
0.27907,2.3444,0,1.2777,0.0060827
0.28337,2.3455,0,1.2646,0.0060792
0.28769,2.3465,0,1.2516,0.0060758
0.29206,2.3474,0,1.2387,0.0060723
0.29645,2.3482,0,1.226,0.006069
0.30088,2.349,0,1.2133,0.0060656
0.30535,2.3497,0,1.2007,0.0060623
0.30984,2.3504,0,1.1883,0.006059
0.31437,2.3509,0,1.176,0.0060557
0.31894,2.3514,0,1.1637,0.0060525
0.32353,2.3518,0,1.1516,0.0060493
0.32816,2.3522,0,1.1396,0.0060462
0.33282,2.3524,0,1.1278,0.006043
0.33751,2.3526,0,1.116,0.0060399
0.34223,2.3528,0,1.1043,0.0060369
0.34698,2.3528,0,1.0928,0.0060338
0.35176,2.3528,0,1.0813,0.0060308
0.35657,2.3527,0,1.07,0.0060279
0.36141,2.3526,0,1.0588,0.0060249
0.36628,2.3524,0,1.0477,0.006022
0.37118,2.3521,0,1.0367,0.0060192
0.3761,2.3517,0,1.0258,0.0060163
0.38106,2.3513,0,1.015,0.0060135
0.38604,2.3509,0,1.0043,0.0060107
0.39104,2.3503,0,0.99372,0.006008
0.39608,2.3497,0,0.98325,0.0060052
0.40114,2.349,0,0.97289,0.0060026
0.40622,2.3483,0,0.96264,0.0059999
0.41133,2.3475,0,0.95249,0.0059973
0.41647,2.3466,0,0.94244,0.0059947
0.42163,2.3457,0,0.9325,0.0059921
0.42681,2.3447,0,0.92267,0.0059896
0.43202,2.3437,0,0.91293,0.005987
0.43725,2.3426,0,0.9033,0.0059846
0.44251,2.3414,0,0.89377,0.0059821
0.44778,2.3402,0,0.88435,0.0059797
0.45308,2.3389,0,0.87502,0.0059773
0.4584,2.3375,0,0.8658,0.0059749
0.46374,2.3361,0,0.85667,0.0059726
0.4691,2.3347,0,0.84764,0.0059703
0.47448,2.3332,0,0.83872,0.005968
0.47988,2.3316,0,0.82989,0.0059658
0.4853,2.33,0,0.82115,0.0059635
0.49074,2.3283,0,0.81252,0.0059613
0.4962,2.3266,0,0.80398,0.0059592
0.50168,2.3248,0,0.79553,0.005957
0.50718,2.323,0,0.78718,0.0059549
0.51269,2.3211,0,0.77892,0.0059528
0.51822,2.3191,0,0.77076,0.0059508
0.52376,2.3172,0,0.76269,0.0059487
0.52933,2.3151,0,0.75471,0.0059467
0.53491,2.313,0,0.74682,0.0059447
0.5405,2.3109,0,0.73902,0.0059428
0.54611,2.3087,0,0.73131,0.0059409
0.55173,2.3065,0,0.72369,0.005939
0.55737,2.3042,0,0.71616,0.0059371
0.56303,2.3019,0,0.70872,0.0059352
0.56869,2.2995,0,0.70136,0.0059334
0.57437,2.2971,0,0.69409,0.0059316
0.58006,2.2947,0,0.6869,0.0059298
0.58577,2.2922,0,0.6798,0.0059281
0.59149,2.2896,0,0.67278,0.0059263
0.59722,2.287,0,0.66584,0.0059246
0.60296,2.2844,0,0.65899,0.005923
0.60871,2.2818,0,0.65222,0.0059213
0.61447,2.279,0,0.64553,0.0059197
0.62025,2.2763,0,0.63892,0.0059181
0.62603,2.2735,0,0.63238,0.0059165
0.63182,2.2707,0,0.62593,0.0059149
0.63762,2.2678,0,0.61955,0.0059134
0.64344,2.2649,0,0.61325,0.0059119
0.64926,2.262,0,0.60703,0.0059104
0.65509,2.259,0,0.60088,0.0059089
0.66092,2.256,0,0.59481,0.0059074
0.66677,2.2529,0,0.58881,0.005906
0.67262,2.2498,0,0.58288,0.0059046
0.67848,2.2467,0,0.57703,0.0059032
0.68435,2.2436,0,0.57124,0.0059019
0.69022,2.2404,0,0.56553,0.0059005
0.6961,2.2372,0,0.55989,0.0058992
0.70198,2.2339,0,0.55432,0.0058979
0.70788,2.2306,0,0.54881,0.0058966
0.71377,2.2273,0,0.54338,0.0058954
0.71967,2.2239,0,0.53801,0.0058941
0.72558,2.2206,0,0.53271,0.0058929
0.73149,2.2171,0,0.52747,0.0058917
0.73741,2.2137,0,0.5223,0.0058906
0.74332,2.2102,0,0.51719,0.0058894
0.74925,2.2067,0,0.51215,0.0058883
0.75517,2.2032,0,0.50717,0.0058872
0.7611,2.1996,0,0.50225,0.0058861
0.76704,2.196,0,0.49739,0.005885
0.77297,2.1924,0,0.4926,0.005884
0.77891,2.1887,0,0.48786,0.0058829
0.78485,2.1851,0,0.48318,0.0058819
0.79079,2.1814,0,0.47856,0.0058809
0.79673,2.1776,0,0.47401,0.00588
0.80268,2.1739,0,0.4695,0.005879
0.80862,2.1701,0,0.46506,0.0058781
0.81457,2.1663,0,0.46067,0.0058772
0.82051,2.1624,0,0.45633,0.0058763
0.82646,2.1586,0,0.45205,0.0058754
0.83241,2.1547,0,0.44783,0.0058746
0.83836,2.1508,0,0.44366,0.0058737
0.8443,2.1468,0,0.43954,0.0058729
0.85025,2.1429,0,0.43547,0.0058721
0.85619,2.1389,0,0.43146,0.0058714
0.86214,2.1348,0,0.42749,0.0058706
0.86808,2.1308,0,0.42358,0.0058699
0.87403,2.1267,0,0.41972,0.0058692
0.87997,2.1226,0,0.4159,0.0058685
0.8859,2.1185,0,0.41214,0.0058678
0.89184,2.1144,0,0.40842,0.0058672
0.89778,2.1102,0,0.40475,0.0058665
0.90371,2.106,0,0.40112,0.0058659
0.90964,2.1018,0,0.39755,0.0058653
0.91556,2.0976,3.6148e-06,0.39401,0.0058648
0.92149,2.0933,1.2182e-05,0.39053,0.0058642
0.92741,2.089,2.5901e-05,0.38709,0.0058637
0.93332,2.0847,4.4975e-05,0.38369,0.0058632
0.93923,2.0804,6.9607e-05,0.38033,0.0058627
0.94514,2.076,0.00010001,0.37702,0.0058623
0.95105,2.0716,0.00013638,0.37375,0.0058618
0.95695,2.0672,0.00017895,0.37053,0.0058614
0.96284,2.0628,0.00022792,0.36734,0.005861
0.96873,2.0583,0.0002835,0.3642,0.0058607
0.97462,2.0539,0.00034591,0.36109,0.0058603
0.9805,2.0494,0.00041537,0.35803,0.00586
0.98638,2.0448,0.00049209,0.355,0.0058597
0.99225,2.0403,0.00057628,0.35201,0.0058594
0.99811,2.0357,0.00066816,0.34907,0.0058591
1.004,2.0311,0.00076793,0.34616,0.0058589
1.0098,2.0265,0.0008758,0.34328,0.0058587
1.0157,2.0218,0.00099196,0.34045,0.0058585
1.0215,2.0171,0.0011166,0.33765,0.0058584
1.0273,2.0124,0.00125,0.33488,0.0058582
1.0332,2.0077,0.0013922,0.33216,0.0058581
1.039,2.0029,0.0015435,0.32946,0.005858
1.0448,1.9981,0.001704,0.3268,0.0058579
1.0506,1.9933,0.0018739,0.32418,0.0058579
1.0564,1.9885,0.0020534,0.32159,0.0058579
1.0622,1.9837,0.0022425,0.31903,0.0058579
1.068,1.9788,0.0024415,0.31651,0.0058579
1.0738,1.9739,0.0026504,0.31402,0.005858
1.0795,1.9689,0.0028694,0.31156,0.0058581
1.0853,1.964,0.0030985,0.30913,0.0058582
1.091,1.959,0.0033379,0.30674,0.0058583
1.0968,1.954,0.0035876,0.30437,0.0058585
1.1025,1.949,0.0038477,0.30204,0.0058587
1.1082,1.9439,0.0041182,0.29973,0.0058589
1.1139,1.9389,0.0043992,0.29746,0.0058591
1.1197,1.9338,0.0046906,0.29521,0.0058594
1.1253,1.9286,0.0049925,0.29299,0.0058596
1.131,1.9235,0.0053048,0.2908,0.00586
1.1367,1.9183,0.0056276,0.28864,0.0058603
1.1424,1.9131,0.0059607,0.28651,0.0058606
1.148,1.9079,0.0063042,0.28441,0.005861
1.1537,1.9027,0.0066579,0.28233,0.0058614
1.1593,1.8974,0.0070217,0.28028,0.0058618
1.1649,1.8922,0.0073955,0.27825,0.0058623
1.1706,1.8869,0.0077793,0.27626,0.0058628
1.1762,1.8816,0.0081728,0.27428,0.0058633
1.1818,1.8762,0.008576,0.27234,0.0058638
1.1873,1.8709,0.0089887,0.27041,0.0058643
1.1929,1.8655,0.0094106,0.26852,0.0058649
1.1985,1.8601,0.0098417,0.26664,0.0058655
1.204,1.8547,0.010282,0.26479,0.0058661
1.2096,1.8493,0.01073,0.26297,0.0058667
1.2151,1.8439,0.011188,0.26117,0.0058673
1.2206,1.8384,0.011653,0.25939,0.005868
1.2261,1.833,0.012127,0.25763,0.0058687
1.2316,1.8275,0.012608,0.2559,0.0058694
1.2371,1.822,0.013097,0.25419,0.0058701
1.2425,1.8165,0.013593,0.2525,0.0058708
1.248,1.811,0.014096,0.25083,0.0058716
1.2534,1.8055,0.014607,0.24918,0.0058723
1.2588,1.8,0.015123,0.24756,0.0058731
1.2643,1.7944,0.015646,0.24595,0.0058739
1.2697,1.7889,0.016175,0.24437,0.0058747
1.275,1.7834,0.01671,0.24281,0.0058756
1.2804,1.7778,0.017251,0.24126,0.0058764
1.2858,1.7722,0.017797,0.23974,0.0058773
1.2911,1.7667,0.018347,0.23823,0.0058781
1.2965,1.7611,0.018903,0.23675,0.005879
1.3018,1.7555,0.019463,0.23528,0.0058799
1.3071,1.7499,0.020027,0.23383,0.0058808
1.3124,1.7444,0.020596,0.2324,0.0058818
1.3177,1.7388,0.021168,0.23099,0.0058827
1.323,1.7332,0.021744,0.22959,0.0058836
1.3282,1.7276,0.022323,0.22822,0.0058846
1.3335,1.722,0.022905,0.22686,0.0058855
1.3387,1.7164,0.02349,0.22552,0.0058865
1.3439,1.7109,0.024078,0.22419,0.0058875
1.3491,1.7053,0.024668,0.22288,0.0058885
1.3543,1.6997,0.025261,0.22159,0.0058895
1.3595,1.6941,0.025856,0.22031,0.0058905
1.3646,1.6886,0.026452,0.21905,0.0058915
1.3698,1.683,0.02705,0.21781,0.0058925
1.3749,1.6774,0.02765,0.21658,0.0058935
1.38,1.6719,0.028251,0.21537,0.0058946
1.3851,1.6663,0.028854,0.21417,0.0058956
1.3902,1.6608,0.029457,0.21298,0.0058967
1.3953,1.6552,0.030061,0.21181,0.0058977
1.4003,1.6497,0.030666,0.21066,0.0058988
1.4054,1.6441,0.031271,0.20952,0.0058998
1.4104,1.6386,0.031877,0.20839,0.0059009
1.4154,1.6331,0.032484,0.20728,0.005902
1.4204,1.6276,0.03309,0.20618,0.005903
1.4254,1.6221,0.033697,0.2051,0.0059041
1.4304,1.6166,0.034303,0.20402,0.0059052
1.4354,1.6111,0.034909,0.20297,0.0059063
1.4403,1.6056,0.035515,0.20192,0.0059074
1.4453,1.6002,0.036121,0.20089,0.0059084
1.4502,1.5947,0.036726,0.19987,0.0059095
1.4551,1.5893,0.037331,0.19886,0.0059106
1.46,1.5839,0.037935,0.19786,0.0059117
1.4648,1.5784,0.038538,0.19688,0.0059128
1.4697,1.573,0.039141,0.19591,0.0059139
1.4745,1.5676,0.039742,0.19495,0.005915
1.4794,1.5622,0.040343,0.194,0.0059162
1.4842,1.5568,0.040943,0.19306,0.0059173
1.489,1.5515,0.041541,0.19213,0.0059184
1.4938,1.5461,0.042139,0.19122,0.0059195
1.4985,1.5408,0.042735,0.19031,0.0059206
1.5033,1.5354,0.04333,0.18942,0.0059217
1.508,1.5301,0.043924,0.18854,0.0059228
1.5128,1.5248,0.044516,0.18766,0.0059239
1.5175,1.5195,0.045107,0.1868,0.0059251
1.5222,1.5142,0.045697,0.18595,0.0059262
1.5269,1.509,0.046285,0.18511,0.0059273
1.5315,1.5037,0.046872,0.18428,0.0059284
1.5362,1.4985,0.047457,0.18346,0.0059295
1.5408,1.4932,0.048041,0.18264,0.0059306
1.5455,1.488,0.048623,0.18184,0.0059318
1.5501,1.4828,0.049203,0.18105,0.0059329
1.5547,1.4776,0.049782,0.18026,0.005934
1.5593,1.4725,0.050359,0.17949,0.0059351
1.5638,1.4673,0.050934,0.17872,0.0059362
1.5684,1.4621,0.051508,0.17796,0.0059374
1.5729,1.457,0.05208,0.17722,0.0059385
1.5774,1.4519,0.05265,0.17648,0.0059396
1.582,1.4468,0.053218,0.17575,0.0059407
1.5865,1.4417,0.053785,0.17502,0.0059418
1.5909,1.4366,0.05435,0.17431,0.005943
1.5954,1.4315,0.054913,0.1736,0.0059441
1.5999,1.4265,0.055474,0.1729,0.0059452
1.6043,1.4214,0.056034,0.17221,0.0059463
1.6087,1.4164,0.056591,0.17153,0.0059474
1.6131,1.4114,0.057147,0.17086,0.0059485
1.6175,1.4064,0.057701,0.17019,0.0059496
1.6219,1.4014,0.058253,0.16953,0.0059508
1.6263,1.3965,0.058803,0.16888,0.0059519
1.6306,1.3915,0.059352,0.16823,0.005953
1.635,1.3866,0.059898,0.1676,0.0059541
1.6393,1.3816,0.060443,0.16697,0.0059552
1.6436,1.3767,0.060985,0.16634,0.0059563
1.6479,1.3718,0.061526,0.16573,0.0059574
1.6522,1.367,0.062065,0.16512,0.0059585
1.6564,1.3621,0.062603,0.16452,0.0059596
1.6607,1.3572,0.063138,0.16392,0.0059607
1.6649,1.3524,0.063671,0.16333,0.0059618
1.6692,1.3476,0.064203,0.16275,0.0059629
1.6734,1.3428,0.064733,0.16217,0.005964
1.6776,1.338,0.06526,0.1616,0.0059651
1.6817,1.3332,0.065786,0.16104,0.0059662
1.6859,1.3284,0.066311,0.16048,0.0059673
1.6901,1.3237,0.066833,0.15993,0.0059684
1.6942,1.319,0.067353,0.15938,0.0059695
1.6983,1.3142,0.067872,0.15884,0.0059706
1.7024,1.3095,0.068389,0.15831,0.0059717
1.7065,1.3048,0.068904,0.15778,0.0059728
1.7106,1.3002,0.069417,0.15726,0.0059739
1.7147,1.2955,0.069928,0.15674,0.005975
1.7188,1.2909,0.070438,0.15623,0.0059761
1.7228,1.2862,0.070946,0.15573,0.0059772
1.7268,1.2816,0.071451,0.15523,0.0059783
1.7308,1.277,0.071956,0.15473,0.0059793
1.7348,1.2724,0.072458,0.15424,0.0059804
1.7388,1.2678,0.072959,0.15376,0.0059815
1.7428,1.2633,0.073457,0.15328,0.0059826
1.7468,1.2587,0.073954,0.15281,0.0059837
1.7507,1.2542,0.07445,0.15234,0.0059847
1.7546,1.2497,0.074943,0.15187,0.0059858
1.7586,1.2452,0.075435,0.15142,0.0059869
1.7625,1.2407,0.075925,0.15096,0.005988
1.7664,1.2362,0.076413,0.15051,0.005989
1.7702,1.2318,0.0769,0.15007,0.0059901
1.7741,1.2273,0.077385,0.14963,0.0059912
1.778,1.2229,0.077868,0.14919,0.0059922
1.7818,1.2185,0.07835,0.14876,0.0059933
1.7856,1.2141,0.07883,0.14834,0.0059944
1.7894,1.2097,0.079308,0.14791,0.0059954
1.7932,1.2053,0.079784,0.1475,0.0059965
1.797,1.201,0.080259,0.14708,0.0059976
1.8008,1.1966,0.080732,0.14667,0.0059986
1.8045,1.1923,0.081204,0.14627,0.0059997
1.8083,1.188,0.081674,0.14587,0.0060007
1.812,1.1837,0.082142,0.14547,0.0060018
1.8157,1.1794,0.082609,0.14508,0.0060028
1.8194,1.1751,0.083074,0.14469,0.0060039
1.8231,1.1708,0.083538,0.14431,0.006005
1.8268,1.1666,0.084,0.14393,0.006006
1.8305,1.1624,0.08446,0.14355,0.006007
1.8341,1.1582,0.084919,0.14318,0.0060081
1.8378,1.1539,0.085376,0.14281,0.0060091
1.8414,1.1498,0.085832,0.14244,0.0060102
1.845,1.1456,0.086286,0.14208,0.0060112
1.8486,1.1414,0.086738,0.14172,0.0060123
1.8522,1.1373,0.087189,0.14137,0.0060133
1.8558,1.1331,0.087639,0.14102,0.0060143
1.8593,1.129,0.088087,0.14067,0.0060154
1.8629,1.1249,0.088534,0.14033,0.0060164
1.8664,1.1208,0.088979,0.13998,0.0060174
1.87,1.1167,0.089422,0.13965,0.0060185
1.8735,1.1127,0.089864,0.13931,0.0060195
1.877,1.1086,0.090305,0.13898,0.0060205
1.8804,1.1046,0.090744,0.13866,0.0060216
1.8839,1.1006,0.091182,0.13833,0.0060226
1.8874,1.0966,0.091618,0.13801,0.0060236
1.8908,1.0926,0.092053,0.13769,0.0060246
1.8943,1.0886,0.092487,0.13738,0.0060257
1.8977,1.0846,0.092919,0.13707,0.0060267
1.9011,1.0807,0.093349,0.13676,0.0060277
1.9045,1.0767,0.093779,0.13645,0.0060287
1.9079,1.0728,0.094207,0.13615,0.0060297
1.9112,1.0689,0.094633,0.13585,0.0060307
1.9146,1.065,0.095058,0.13555,0.0060318
1.918,1.0611,0.095482,0.13526,0.0060328
1.9213,1.0572,0.095904,0.13497,0.0060338
1.9246,1.0533,0.096325,0.13468,0.0060348
1.9279,1.0495,0.096745,0.13439,0.0060358
1.9312,1.0456,0.097164,0.13411,0.0060368
1.9345,1.0418,0.097581,0.13383,0.0060378
1.9378,1.038,0.097997,0.13355,0.0060388
1.941,1.0342,0.098411,0.13328,0.0060398
1.9443,1.0304,0.098824,0.133,0.0060408
1.9475,1.0267,0.099236,0.13273,0.0060418
1.9508,1.0229,0.099647,0.13247,0.0060428
1.954,1.0192,0.10006,0.1322,0.0060438
1.9572,1.0154,0.10046,0.13194,0.0060448
1.9604,1.0117,0.10087,0.13168,0.0060458
1.9635,1.008,0.10128,0.13142,0.0060468
1.9667,1.0043,0.10168,0.13117,0.0060478
1.9699,1.0006,0.10208,0.13092,0.0060488
1.973,0.99696,0.10249,0.13067,0.0060498
1.9761,0.9933,0.10289,0.13042,0.0060507
1.9792,0.98966,0.10329,0.13017,0.0060517
1.9824,0.98603,0.10368,0.12993,0.0060527
1.9854,0.98241,0.10408,0.12969,0.0060537
1.9885,0.97881,0.10448,0.12945,0.0060547
1.9916,0.97522,0.10487,0.12921,0.0060557
1.9947,0.97164,0.10527,0.12898,0.0060566
1.9977,0.96807,0.10566,0.12874,0.0060576
2.0007,0.96451,0.10605,0.12851,0.0060586
2.0038,0.96097,0.10644,0.12829,0.0060596
2.0068,0.95744,0.10683,0.12806,0.0060605
2.0098,0.95392,0.10722,0.12784,0.0060615
2.0128,0.95042,0.1076,0.12761,0.0060625
2.0158,0.94692,0.10799,0.12739,0.0060635
2.0187,0.94344,0.10837,0.12717,0.0060644
2.0217,0.93997,0.10876,0.12696,0.0060654
2.0246,0.93652,0.10914,0.12674,0.0060664
2.0276,0.93307,0.10952,0.12653,0.0060673
2.0305,0.92964,0.1099,0.12632,0.0060683
2.0334,0.92622,0.11028,0.12611,0.0060692
2.0363,0.92281,0.11066,0.12591,0.0060702
2.0392,0.91941,0.11103,0.1257,0.0060712
2.0421,0.91603,0.11141,0.1255,0.0060721
2.0449,0.91266,0.11179,0.1253,0.0060731
2.0478,0.9093,0.11216,0.1251,0.006074
2.0506,0.90595,0.11253,0.1249,0.006075
2.0535,0.90261,0.1129,0.1247,0.0060759
2.0563,0.89928,0.11327,0.12451,0.0060769
2.0591,0.89597,0.11364,0.12432,0.0060778
2.0619,0.89267,0.11401,0.12413,0.0060788
2.0647,0.88938,0.11438,0.12394,0.0060797
2.0675,0.8861,0.11475,0.12375,0.0060807
2.0702,0.88283,0.11511,0.12356,0.0060816
2.073,0.87958,0.11548,0.12338,0.0060826
2.0757,0.87633,0.11584,0.1232,0.0060835
2.0785,0.8731,0.1162,0.12301,0.0060845
2.0812,0.86988,0.11657,0.12283,0.0060854
2.0839,0.86667,0.11693,0.12266,0.0060863
2.0866,0.86347,0.11729,0.12248,0.0060873
2.0893,0.86028,0.11764,0.12231,0.0060882
2.092,0.85711,0.118,0.12213,0.0060891
2.0947,0.85394,0.11836,0.12196,0.0060901
2.0973,0.85079,0.11872,0.12179,0.006091
2.1,0.84765,0.11907,0.12162,0.0060919
2.1026,0.84452,0.11943,0.12145,0.0060929
2.1053,0.8414,0.11978,0.12129,0.0060938
2.1079,0.83829,0.12013,0.12112,0.0060947
2.1105,0.83519,0.12048,0.12096,0.0060957
2.1131,0.83211,0.12083,0.12079,0.0060966
2.1157,0.82903,0.12118,0.12063,0.0060975
2.1183,0.82597,0.12153,0.12047,0.0060984
2.1208,0.82291,0.12188,0.12032,0.0060994
2.1234,0.81987,0.12223,0.12016,0.0061003
2.1259,0.81684,0.12257,0.12,0.0061012
2.1285,0.81382,0.12292,0.11985,0.0061021
2.131,0.81081,0.12326,0.1197,0.006103
2.1335,0.80781,0.12361,0.11954,0.0061039
2.136,0.80482,0.12395,0.11939,0.0061049
2.1385,0.80184,0.12429,0.11924,0.0061058
2.141,0.79888,0.12463,0.1191,0.0061067
2.1435,0.79592,0.12497,0.11895,0.0061076
2.146,0.79298,0.12531,0.1188,0.0061085
2.1484,0.79004,0.12565,0.11866,0.0061094
2.1509,0.78712,0.12599,0.11852,0.0061103
2.1533,0.7842,0.12633,0.11837,0.0061112
2.1557,0.7813,0.12666,0.11823,0.0061121
2.1581,0.7784,0.127,0.11809,0.006113
2.1606,0.77552,0.12733,0.11796,0.006114
2.163,0.77265,0.12767,0.11782,0.0061149
2.1653,0.76979,0.128,0.11768,0.0061158
2.1677,0.76693,0.12833,0.11755,0.0061167
2.1701,0.76409,0.12867,0.11741,0.0061176
2.1725,0.76126,0.129,0.11728,0.0061185
2.1748,0.75844,0.12933,0.11715,0.0061194
2.1771,0.75563,0.12966,0.11702,0.0061203
2.1795,0.75283,0.12998,0.11689,0.0061211
2.1818,0.75004,0.13031,0.11676,0.006122
2.1841,0.74725,0.13064,0.11663,0.0061229
2.1864,0.74448,0.13097,0.1165,0.0061238
2.1887,0.74172,0.13129,0.11638,0.0061247
2.191,0.73897,0.13162,0.11625,0.0061256
2.1933,0.73623,0.13194,0.11613,0.0061265
2.1955,0.7335,0.13226,0.116,0.0061274
2.1978,0.73078,0.13259,0.11588,0.0061283
2.2,0.72807,0.13291,0.11576,0.0061292
2.2023,0.72537,0.13323,0.11564,0.00613
2.2045,0.72267,0.13355,0.11552,0.0061309
2.2067,0.71999,0.13387,0.1154,0.0061318
2.2089,0.71732,0.13419,0.11529,0.0061327
2.2111,0.71466,0.13451,0.11517,0.0061336
2.2133,0.712,0.13483,0.11505,0.0061345
2.2155,0.70936,0.13514,0.11494,0.0061353
2.2177,0.70673,0.13546,0.11483,0.0061362
2.2199,0.7041,0.13578,0.11471,0.0061371
2.222,0.70149,0.13609,0.1146,0.006138
2.2242,0.69888,0.13641,0.11449,0.0061388
2.2263,0.69629,0.13672,0.11438,0.0061397
2.2284,0.6937,0.13703,0.11427,0.0061406
2.2305,0.69112,0.13735,0.11416,0.0061415
2.2327,0.68855,0.13766,0.11405,0.0061423
2.2348,0.686,0.13797,0.11395,0.0061432
2.2369,0.68345,0.13828,0.11384,0.0061441
2.2389,0.68091,0.13859,0.11374,0.0061449
2.241,0.67838,0.1389,0.11363,0.0061458
2.2431,0.67585,0.13921,0.11353,0.0061467
2.2451,0.67334,0.13952,0.11342,0.0061475
2.2472,0.67084,0.13982,0.11332,0.0061484
2.2492,0.66835,0.14013,0.11322,0.0061493
2.2513,0.66586,0.14044,0.11312,0.0061501
2.2533,0.66338,0.14074,0.11302,0.006151
2.2553,0.66092,0.14105,0.11292,0.0061518
2.2573,0.65846,0.14135,0.11282,0.0061527
2.2593,0.65601,0.14166,0.11272,0.0061536
2.2613,0.65357,0.14196,0.11263,0.0061544
2.2633,0.65114,0.14226,0.11253,0.0061553
2.2653,0.64872,0.14257,0.11244,0.0061561
2.2672,0.6463,0.14287,0.11234,0.006157
2.2692,0.6439,0.14317,0.11225,0.0061578
2.2711,0.6415,0.14347,0.11215,0.0061587
2.2731,0.63912,0.14377,0.11206,0.0061595
2.275,0.63674,0.14407,0.11197,0.0061604
2.2769,0.63437,0.14437,0.11188,0.0061612
2.2788,0.63201,0.14466,0.11179,0.0061621
2.2808,0.62965,0.14496,0.1117,0.0061629
2.2827,0.62731,0.14526,0.11161,0.0061638
2.2845,0.62497,0.14556,0.11152,0.0061646
2.2864,0.62265,0.14585,0.11143,0.0061655
2.2883,0.62033,0.14615,0.11134,0.0061663
2.2902,0.61802,0.14644,0.11126,0.0061672
2.292,0.61572,0.14674,0.11117,0.006168
2.2939,0.61342,0.14703,0.11108,0.0061688
2.2957,0.61114,0.14732,0.111,0.0061697
2.2976,0.60886,0.14762,0.11091,0.0061705
2.2994,0.60659,0.14791,0.11083,0.0061714
2.3012,0.60434,0.1482,0.11075,0.0061722
2.303,0.60208,0.14849,0.11066,0.006173
2.3048,0.59984,0.14878,0.11058,0.0061739
2.3066,0.59761,0.14907,0.1105,0.0061747
2.3084,0.59538,0.14936,0.11042,0.0061755
2.3102,0.59316,0.14965,0.11034,0.0061764
2.312,0.59095,0.14994,0.11026,0.0061772
2.3137,0.58875,0.15023,0.11018,0.006178
2.3155,0.58655,0.15052,0.1101,0.0061789
2.3172,0.58437,0.1508,0.11002,0.0061797
2.319,0.58219,0.15109,0.10995,0.0061805
2.3207,0.58002,0.15138,0.10987,0.0061814
2.3224,0.57786,0.15166,0.10979,0.0061822
2.3241,0.5757,0.15195,0.10972,0.006183
2.3259,0.57355,0.15223,0.10964,0.0061838
2.3276,0.57142,0.15252,0.10957,0.0061847
2.3293,0.56929,0.1528,0.10949,0.0061855
2.3309,0.56716,0.15308,0.10942,0.0061863
2.3326,0.56505,0.15337,0.10935,0.0061871
2.3343,0.56294,0.15365,0.10927,0.0061879
2.336,0.56084,0.15393,0.1092,0.0061888
2.3376,0.55875,0.15421,0.10913,0.0061896
2.3393,0.55666,0.15449,0.10906,0.0061904
2.3409,0.55459,0.15478,0.10899,0.0061912
2.3426,0.55252,0.15506,0.10892,0.006192
2.3442,0.55046,0.15534,0.10885,0.0061929
2.3458,0.5484,0.15561,0.10878,0.0061937
2.3474,0.54636,0.15589,0.10871,0.0061945
2.349,0.54432,0.15617,0.10864,0.0061953
2.3506,0.54229,0.15645,0.10857,0.0061961
2.3522,0.54026,0.15673,0.1085,0.0061969
2.3538,0.53825,0.15701,0.10844,0.0061977
2.3554,0.53624,0.15728,0.10837,0.0061986
2.357,0.53424,0.15756,0.10831,0.0061994
2.3585,0.53224,0.15783,0.10824,0.0062002
2.3601,0.53026,0.15811,0.10817,0.006201
2.3616,0.52828,0.15838,0.10811,0.0062018
2.3632,0.5263,0.15866,0.10805,0.0062026
2.3647,0.52434,0.15893,0.10798,0.0062034
2.3663,0.52238,0.15921,0.10792,0.0062042
2.3678,0.52043,0.15948,0.10785,0.006205
2.3693,0.51849,0.15975,0.10779,0.0062058
2.3708,0.51655,0.16003,0.10773,0.0062066
2.3723,0.51462,0.1603,0.10767,0.0062074
2.3738,0.5127,0.16057,0.10761,0.0062082
2.3753,0.51079,0.16084,0.10755,0.006209
2.3768,0.50888,0.16111,0.10749,0.0062098
2.3783,0.50698,0.16138,0.10742,0.0062106
2.3797,0.50508,0.16165,0.10737,0.0062114
2.3812,0.5032,0.16192,0.10731,0.0062122
2.3826,0.50132,0.16219,0.10725,0.006213
2.3841,0.49944,0.16246,0.10719,0.0062138
2.3855,0.49758,0.16273,0.10713,0.0062146
2.387,0.49572,0.163,0.10707,0.0062154
2.3884,0.49387,0.16327,0.10701,0.0062162
2.3898,0.49202,0.16354,0.10696,0.006217
2.3912,0.49018,0.1638,0.1069,0.0062178
2.3926,0.48835,0.16407,0.10684,0.0062186
2.394,0.48653,0.16434,0.10679,0.0062194
2.3954,0.48471,0.1646,0.10673,0.0062202
2.3968,0.4829,0.16487,0.10668,0.0062209
2.3982,0.48109,0.16513,0.10662,0.0062217
2.3996,0.47929,0.1654,0.10657,0.0062225
2.401,0.4775,0.16566,0.10651,0.0062233
2.4023,0.47572,0.16593,0.10646,0.0062241
2.4037,0.47394,0.16619,0.10641,0.0062249
2.405,0.47217,0.16645,0.10635,0.0062257
2.4064,0.4704,0.16672,0.1063,0.0062265
2.4077,0.46864,0.16698,0.10625,0.0062272
2.4091,0.46689,0.16724,0.1062,0.006228
2.4104,0.46515,0.16751,0.10614,0.0062288
2.4117,0.46341,0.16777,0.10609,0.0062296
2.413,0.46167,0.16803,0.10604,0.0062304
2.4143,0.45995,0.16829,0.10599,0.0062311
2.4156,0.45823,0.16855,0.10594,0.0062319
2.4169,0.45651,0.16881,0.10589,0.0062327
2.4182,0.45481,0.16907,0.10584,0.0062335
2.4195,0.45311,0.16933,0.10579,0.0062343
2.4208,0.45141,0.16959,0.10574,0.006235
2.422,0.44972,0.16985,0.10569,0.0062358
2.4233,0.44804,0.17011,0.10564,0.0062366
2.4246,0.44636,0.17037,0.1056,0.0062374
2.4258,0.4447,0.17063,0.10555,0.0062381
2.4271,0.44303,0.17088,0.1055,0.0062389
2.4283,0.44137,0.17114,0.10545,0.0062397
2.4295,0.43972,0.1714,0.1054,0.0062405
