Fecha;Último;Apertura;Máximo;Mínimo;Vol.;% var.
29-jul-22;1781,80;1773,10;1784,60;1768,40;140,67K;0,71%
28-jul-22;1769,20;1751,40;1774,40;1750,40;192,86K;2,91%
27-jul-22;1719,10;1715,20;1739,60;1709,10;144,87K;0,08%
26-jul-22;1717,70;1717,90;1726,40;1711,50;147,37K;-0,08%
25-jul-22;1719,10;1726,30;1734,60;1712,90;160,72K;-0,48%
22-jul-22;1727,40;1717,20;1738,30;1711,70;200,62K;0,82%
21-jul-22;1713,40;1693,70;1719,50;1678,40;248,88K;0,78%
20-jul-22;1700,20;1709,50;1712,70;1690,10;174,47K;-0,61%
19-jul-22;1710,70;1707,20;1716,50;1702,60;131,77K;0,03%
18-jul-22;1710,20;1706,40;1722,00;1704,40;157,54K;0,39%
15-jul-22;1703,60;1708,20;1714,20;1696,60;176,80K;-0,13%
14-jul-22;1705,80;1733,60;1734,80;1695,00;266,35K;-1,71%
13-jul-22;1735,50;1723,60;1744,30;1704,50;300,55K;0,62%
12-jul-22;1724,80;1731,30;1742,20;1721,60;255,17K;-0,40%
11-jul-22;1731,70;1741,50;1743,00;1729,00;171,90K;-0,61%
8-jul-22;1742,30;1738,70;1751,70;1726,00;189,18K;0,15%
7-jul-22;1739,70;1737,20;1748,20;1734,70;151,26K;0,18%
6-jul-22;1736,50;1764,20;1771,50;1730,70;258,82K;-1,55%
4-jul-22;1763,90;1814,40;1815,20;1763,00;310,37K;-2,09%
1-jul-22;1801,50;1808,10;1813,60;1783,40;249,49K;-0,32%
30-jun-22;1807,30;1819,20;1826,80;1802,50;208,90K;-0,56%
29-jun-22;1817,50;1821,40;1834,90;1810,70;155,54K;-0,20%
28-jun-22;1821,20;1823,60;1830,90;1819,10;111,40K;-0,20%
27-jun-22;1824,80;1839,60;1842,80;1821,80;143,82K;-0,30%
24-jun-22;1830,30;1824,20;1833,70;1817,70;139,72K;0,03%
23-jun-22;1829,80;1839,70;1848,90;1823,50;167,07K;-0,47%
22-jun-22;1838,40;1834,90;1850,30;1824,50;149,55K;-0,02%
20-jun-22;1838,80;1840,60;1848,40;1830,70;176,30K;-0,10%
17-jun-22;1840,60;1859,30;1861,50;1836,10;141,72K;-0,50%
16-jun-22;1849,90;1835,80;1860,20;1816,30;180,89K;1,67%
15-jun-22;1819,60;1809,70;1845,40;1808,40;203,42K;0,34%
14-jun-22;1813,50;1820,90;1833,30;1806,10;165,15K;-1,00%
13-jun-22;1831,80;1879,00;1882,50;1819,00;252,54K;-2,33%
10-jun-22;1875,50;1850,40;1879,60;1826,50;267,20K;1,23%
9-jun-22;1852,80;1855,10;1857,80;1841,90;131,29K;-0,20%
8-jun-22;1856,50;1855,00;1862,40;1846,60;114,14K;0,24%
7-jun-22;1852,10;1843,50;1858,20;1838,50;119,21K;0,46%
6-jun-22;1843,70;1853,70;1861,20;1843,00;103,18K;-0,35%
3-jun-22;1850,20;1872,60;1878,60;1849,70;115,34K;-1,13%
2-jun-22;1871,40;1849,90;1874,40;1846,50;127,47K;1,23%
1-jun-22;1848,70;1840,00;1853,00;1830,20;158,04K;0,02%
30-may-22;1848,40;1856,50;1867,90;1837,60;201,80K;-0,48%
27-may-22;1857,30;1855,10;1866,90;1851,90;123,76K;0,53%
26-may-22;1847,60;1851,80;1852,80;1836,30;123,36K;0,07%
25-may-22;1846,30;1865,40;1866,70;1838,70;182,82K;-1,02%
24-may-22;1865,40;1852,30;1869,10;1847,60;174,76K;0,95%
23-may-22;1847,80;1844,40;1864,30;1843,30;163,27K;0,31%
20-may-22;1842,10;1839,60;1847,80;1830,60;143,05K;0,05%
19-may-22;1841,20;1815,10;1848,20;1808,40;175,24K;1,39%
18-may-22;1815,90;1813,20;1822,90;1805,00;150,35K;-0,16%
17-may-22;1818,90;1823,90;1834,80;1811,00;137,29K;0,27%
16-may-22;1814,00;1809,40;1826,00;1785,00;159,49K;0,32%
13-may-22;1808,20;1821,40;1827,60;1797,20;179,48K;-0,90%
12-may-22;1824,60;1852,30;1858,80;1820,10;255,61K;-1,57%
11-may-22;1853,70;1836,60;1857,80;1830,60;243,56K;0,69%
10-may-22;1841,00;1853,90;1864,70;1834,50;260,81K;-0,95%
9-may-22;1858,60;1883,70;1885,60;1851,00;218,82K;-1,29%
6-may-22;1882,80;1877,50;1894,00;1865,00;194,28K;0,38%
5-may-22;1875,70;1884,10;1910,70;1872,30;218,39K;0,37%
4-may-22;1868,80;1868,30;1892,00;1861,10;161,48K;-0,10%
3-may-22;1870,60;1863,60;1878,40;1849,70;167,43K;0,38%
2-may-22;1863,60;1896,20;1900,40;1853,40;193,83K;-2,52%
29-abr-22;1911,70;1895,80;1921,30;1893,50;177,14K;1,08%
28-abr-22;1891,30;1886,80;1897,80;1870,90;170,91K;0,14%
27-abr-22;1888,70;1907,40;1908,10;1881,60;178,20K;-0,81%
26-abr-22;1904,10;1899,80;1912,20;1896,30;166,20K;0,43%
25-abr-22;1896,00;1931,90;1935,50;1891,80;231,49K;-1,98%
22-abr-22;1934,30;1953,10;1957,80;1928,00;176,68K;-0,71%
21-abr-22;1948,20;1960,00;1960,10;1938,00;154,92K;-0,38%
20-abr-22;1955,60;1952,70;1960,90;1941,00;139,51K;-0,17%
19-abr-22;1959,00;1981,20;1985,10;1945,50;181,44K;-1,38%
18-abr-22;1986,40;1978,50;2003,00;1974,40;138,13K;0,58%
14-abr-22;1974,90;1981,60;1984,00;1962,70;139,42K;-0,49%
13-abr-22;1984,70;1970,50;1985,80;1966,30;132,03K;0,44%
12-abr-22;1976,10;1957,40;1982,70;1953,00;172,39K;1,43%
11-abr-22;1948,20;1949,60;1974,60;1942,90;184,39K;0,13%
8-abr-22;1945,60;1934,30;1952,20;1930,40;142,50K;0,40%
7-abr-22;1937,80;1928,10;1941,70;1923,30;122,81K;0,76%
6-abr-22;1923,10;1927,60;1937,60;1916,20;153,97K;-0,23%
5-abr-22;1927,50;1937,30;1948,90;1920,90;147,26K;-0,34%
4-abr-22;1934,00;1927,10;1941,60;1918,20;108,44K;0,54%
1-abr-22;1923,70;1942,40;1944,50;1921,40;135,15K;-1,55%
31-mar-22;1954,00;1937,30;1955,00;1923,00;155,30K;0,77%
30-mar-22;1939,00;1924,00;1943,40;1920,10;136,04K;1,40%
29-mar-22;1912,20;1922,40;1929,40;1888,30;128,05K;-1,42%
28-mar-22;1939,80;1958,70;1959,80;1915,70;181,37K;-0,74%
25-mar-22;1954,20;1957,80;1965,10;1942,60;147,90K;-0,41%
24-mar-22;1962,20;1944,10;1967,20;1937,40;181,20K;1,29%
23-mar-22;1937,30;1920,90;1948,80;1915,60;153,31K;0,82%
22-mar-22;1921,50;1936,10;1939,50;1909,80;153,28K;-0,41%
21-mar-22;1929,50;1922,40;1941,80;1917,20;146,41K;0,01%
18-mar-22;1929,30;1943,90;1946,20;1918,00;150,88K;-0,72%
17-mar-22;1943,20;1928,40;1951,00;1924,00;149,83K;1,78%
16-mar-22;1909,20;1920,10;1930,10;1895,20;195,46K;-1,06%
15-mar-22;1929,70;1953,70;1956,90;1908,10;220,37K;-1,59%
14-mar-22;1960,80;1988,70;1994,80;1952,00;162,20K;-1,22%
11-mar-22;1985,00;2000,30;2004,00;1960,60;262,09K;-0,77%
10-mar-22;2000,40;1992,80;2015,10;1975,00;303,27K;0,61%
9-mar-22;1988,20;2060,20;2068,50;1981,00;360,35K;-2,70%
8-mar-22;2043,30;2001,00;2078,80;1985,80;447,65K;2,37%
7-mar-22;1995,90;1978,50;2007,50;1964,20;372,19K;1,49%
4-mar-22;1966,60;1938,50;1974,90;1931,50;241,53K;1,59%
3-mar-22;1935,90;1931,70;1944,60;1923,10;180,21K;0,71%
2-mar-22;1922,30;1945,30;1951,40;1916,00;227,98K;-1,11%
1-mar-22;1943,80;1908,40;1952,60;1903,00;224,00K;2,27%
28-feb-22;1900,70;1921,00;1935,20;1892,20;249,27K;0,69%
25-feb-22;1887,60;1906,50;1925,00;1884,40;229,78K;-2,01%
24-feb-22;1926,30;1911,90;1976,50;1878,60;423,05K;0,83%
23-feb-22;1910,40;1901,20;1912,90;1891,10;154,84K;0,16%
21-feb-22;1907,40;1903,50;1918,30;1889,70;334,59K;0,40%
18-feb-22;1899,80;1901,40;1905,00;1888,00;161,75K;-0,12%
17-feb-22;1902,00;1872,00;1904,00;1869,70;268,55K;1,63%
16-feb-22;1871,50;1855,50;1874,60;1851,80;141,49K;0,82%
15-feb-22;1856,20;1873,80;1881,60;1845,40;214,88K;-0,71%
14-feb-22;1869,40;1862,20;1876,50;1851,90;231,02K;1,48%
11-feb-22;1842,10;1827,00;1867,40;1821,10;239,09K;0,26%
10-feb-22;1837,40;1834,00;1843,30;1821,80;227,46K;0,04%
9-feb-22;1836,60;1827,00;1837,10;1825,50;136,72K;0,48%
8-feb-22;1827,90;1821,50;1829,90;1816,00;142,41K;0,33%
7-feb-22;1821,80;1808,00;1824,60;1807,50;139,81K;0,77%
4-feb-22;1807,80;1805,40;1815,80;1792,10;177,71K;0,21%
3-feb-22;1804,10;1807,40;1809,50;1788,50;173,72K;-0,34%
2-feb-22;1810,30;1800,80;1812,00;1794,60;123,02K;0,49%
1-feb-22;1801,50;1798,90;1809,70;1796,20;128,88K;0,28%
31-ene-22;1796,40;1792,80;1800,90;1785,80;139,42K;0,55%
28-ene-22;1786,60;1799,60;1800,30;1780,60;217,15K;-0,36%
27-ene-22;1793,10;1819,00;1821,40;1790,60;196,04K;-2,00%
26-ene-22;1829,70;1848,00;1850,20;1814,10;270,03K;-1,23%
25-ene-22;1852,50;1843,60;1854,20;1834,40;197,80K;0,59%
24-ene-22;1841,70;1835,20;1844,90;1829,30;244,33K;0,54%
21-ene-22;1831,80;1840,60;1843,70;1828,40;225,25K;-0,59%
20-ene-22;1842,60;1840,10;1848,50;1836,20;233,86K;-0,03%
19-ene-22;1843,20;1812,90;1843,90;1809,00;318,49K;1,70%
17-ene-22;1812,40;1818,70;1822,90;1804,70;362,94K;-0,23%
14-ene-22;1816,50;1822,10;1829,30;1814,20;174,94K;-0,27%
13-ene-22;1821,40;1825,70;1828,30;1811,80;215,52K;-0,32%
12-ene-22;1827,30;1821,30;1828,20;1814,40;192,98K;0,48%
11-ene-22;1818,50;1801,30;1823,10;1799,70;184,15K;1,10%
10-ene-22;1798,80;1796,40;1802,00;1789,30;173,04K;0,08%
7-ene-22;1797,40;1791,00;1798,40;1781,30;238,93K;0,46%
6-ene-22;1789,20;1810,60;1811,60;1785,40;238,64K;-1,97%
5-ene-22;1825,10;1815,20;1830,70;1808,20;173,34K;0,58%
4-ene-22;1814,60;1801,10;1817,20;1798,10;167,71K;0,81%
3-ene-22;1800,10;1830,10;1833,00;1798,20;168,31K;-1,56%
31-dic-21;1828,60;1817,00;1831,40;1815,40;106,60K;0,80%
30-dic-21;1814,10;1805,60;1818,10;1796,20;113,43K;0,46%
29-dic-21;1805,80;1806,60;1808,00;1789,10;138,69K;-0,28%
28-dic-21;1810,90;1812,10;1821,60;1805,50;100,54K;0,12%
27-dic-21;1808,80;1810,20;1814,60;1803,60;84,23K;-0,16%
23-dic-21;1811,70;1805,60;1812,00;1799,00;104,84K;0,53%
22-dic-21;1802,20;1789,40;1806,30;1785,80;110,41K;0,75%
21-dic-21;1788,70;1791,40;1801,70;1785,00;134,15K;-0,33%
20-dic-21;1794,60;1800,20;1804,60;1789,00;105,39K;-0,57%
17-dic-21;1804,90;1801,50;1815,70;1796,50;156,61K;0,37%
16-dic-21;1798,20;1777,90;1800,70;1775,70;167,78K;1,91%
15-dic-21;1764,50;1771,90;1781,30;1753,00;161,10K;-0,44%
14-dic-21;1772,30;1787,60;1789,80;1766,10;153,25K;-0,89%
13-dic-21;1788,30;1784,20;1792,80;1782,20;106,06K;0,20%
10-dic-21;1784,80;1776,30;1791,00;1770,40;142,00K;0,46%
9-dic-21;1776,70;1784,30;1788,40;1773,30;123,97K;-0,49%
8-dic-21;1785,50;1785,10;1794,30;1780,10;109,69K;0,04%
7-dic-21;1784,70;1779,50;1789,30;1772,40;129,89K;0,29%
6-dic-21;1779,50;1787,70;1789,00;1776,40;104,48K;-0,25%
3-dic-21;1783,90;1769,40;1788,00;1766,00;175,18K;1,20%
2-dic-21;1762,70;1783,80;1785,20;1762,20;172,72K;-1,21%
1-dic-21;1784,30;1777,40;1795,70;1773,70;180,34K;0,44%
30-nov-21;1776,50;1786,90;1811,40;1771,20;242,86K;-0,49%
29-nov-21;1785,20;1795,20;1801,50;1782,00;151,37K;-0,16%
25-nov-21;1788,10;1792,30;1819,30;1781,60;180,64K;0,21%
24-nov-21;1784,30;1789,80;1796,20;1777,40;203,24K;0,03%
23-nov-21;1783,80;1807,10;1812,50;1781,70;311,35K;-1,25%
22-nov-21;1806,30;1848,30;1850,40;1802,40;352,86K;-2,45%
19-nov-21;1851,60;1860,80;1868,10;1844,20;234,08K;-0,53%
18-nov-21;1861,40;1869,50;1873,30;1856,60;186,06K;-0,47%
17-nov-21;1870,20;1851,60;1870,60;1851,10;172,42K;0,87%
16-nov-21;1854,10;1864,90;1879,50;1851,00;220,43K;-0,67%
15-nov-21;1866,60;1872,60;1873,00;1858,50;221,21K;-0,10%
12-nov-21;1868,50;1864,30;1871,40;1847,50;201,36K;0,25%
11-nov-21;1863,90;1851,50;1868,70;1845,10;205,31K;0,84%
10-nov-21;1848,30;1834,50;1870,60;1823,00;352,79K;0,96%
9-nov-21;1830,80;1826,90;1834,80;1821,00;224,41K;0,15%
8-nov-21;1828,00;1820,60;1828,30;1813,80;200,41K;0,62%
5-nov-21;1816,80;1792,60;1820,10;1785,30;299,62K;1,30%
4-nov-21;1793,50;1769,90;1800,30;1769,30;222,61K;1,68%
3-nov-21;1763,90;1789,20;1789,30;1758,50;257,43K;-1,43%
2-nov-21;1789,40;1794,80;1797,80;1787,40;145,79K;-0,36%
1-nov-21;1795,80;1785,30;1797,50;1780,20;143,33K;0,67%
29-oct-21;1783,90;1801,50;1802,90;1772,40;254,51K;-1,04%
28-oct-21;1802,60;1798,70;1812,70;1793,10;220,88K;0,21%
27-oct-21;1798,80;1795,00;1801,00;1784,30;182,80K;0,30%
26-oct-21;1793,40;1808,70;1809,80;1783,00;197,93K;-0,74%
25-oct-21;1806,80;1794,20;1811,50;1793,00;153,59K;0,58%
22-oct-21;1796,30;1783,70;1815,50;1783,40;312,81K;0,81%
21-oct-21;1781,90;1782,50;1790,30;1776,80;138,73K;-0,17%
20-oct-21;1784,90;1769,40;1789,60;1767,10;174,08K;0,81%
19-oct-21;1770,50;1764,80;1786,00;1763,40;166,97K;0,27%
18-oct-21;1765,70;1767,50;1772,50;1760,30;152,74K;-0,15%
15-oct-21;1768,30;1797,30;1797,70;1765,10;202,63K;-1,65%
14-oct-21;1797,90;1793,60;1801,90;1787,60;164,65K;0,18%
13-oct-21;1794,70;1760,40;1797,40;1757,90;299,04K;2,01%
12-oct-21;1759,30;1753,60;1770,00;1750,50;168,11K;0,21%
11-oct-21;1755,70;1757,40;1761,10;1749,90;114,77K;-0,10%
8-oct-21;1757,40;1757,00;1782,40;1753,60;240,37K;-0,10%
7-oct-21;1759,20;1763,80;1767,70;1752,00;146,41K;-0,15%
6-oct-21;1761,80;1760,50;1765,90;1745,40;159,22K;0,05%
5-oct-21;1760,90;1770,80;1771,10;1748,60;151,42K;-0,38%
4-oct-21;1767,60;1762,60;1771,50;1747,70;166,18K;0,52%
1-oct-21;1758,40;1757,20;1765,20;1749,90;151,20K;0,08%
30-sep-21;1757,00;1726,00;1765,00;1721,80;246,37K;1,98%
29-sep-21;1722,90;1734,00;1746,00;1721,10;177,39K;-0,84%
28-sep-21;1737,50;1750,00;1754,30;1727,80;215,84K;-0,83%
27-sep-21;1752,00;1751,80;1760,90;1744,70;137,57K;0,02%
24-sep-21;1751,70;1743,70;1758,00;1740,20;151,55K;0,11%
23-sep-21;1749,80;1769,20;1777,10;1737,50;225,46K;-1,63%
22-sep-21;1778,80;1775,00;1788,40;1764,60;172,35K;0,03%
21-sep-21;1778,20;1765,50;1782,80;1758,30;141,62K;0,82%
20-sep-21;1763,80;1754,20;1768,40;1742,30;152,45K;0,71%
17-sep-21;1751,40;1754,60;1767,80;1747,10;183,25K;-0,30%
16-sep-21;1756,70;1795,50;1797,30;1745,50;255,27K;-2,12%
15-sep-21;1794,80;1806,60;1808,50;1791,70;139,30K;-0,68%
14-sep-21;1807,10;1794,80;1810,60;1780,60;197,95K;0,71%
13-sep-21;1794,40;1789,80;1800,20;1784,40;114,31K;0,13%
10-sep-21;1792,10;1796,20;1806,00;1788,20;136,25K;-0,44%
9-sep-21;1800,00;1790,90;1803,40;1785,10;154,13K;0,36%
8-sep-21;1793,50;1796,10;1804,40;1783,10;161,26K;-0,28%
6-sep-21;1798,50;1833,50;1833,50;1793,70;252,48K;-1,92%
3-sep-21;1833,70;1811,50;1836,90;1810,90;184,98K;1,23%
2-sep-21;1811,50;1816,20;1819,60;1806,50;113,03K;-0,25%
1-sep-21;1816,00;1816,70;1822,70;1810,60;140,12K;-0,12%
31-ago-21;1818,10;1812,20;1821,90;1803,40;170,39K;0,33%
30-ago-21;1812,20;1821,60;1826,50;1810,00;104,88K;-0,40%
27-ago-21;1819,50;1795,20;1821,90;1785,20;203,64K;1,35%
26-ago-21;1795,20;1793,00;1800,40;1781,30;134,53K;0,23%
25-ago-21;1791,00;1805,10;1805,30;1784,00;163,46K;-0,97%
24-ago-21;1808,50;1807,60;1812,20;1802,60;114,79K;0,12%
23-ago-21;1806,30;1781,20;1809,10;1778,00;156,32K;1,25%
20-ago-21;1784,00;1782,80;1791,00;1780,00;107,97K;0,05%
19-ago-21;1783,10;1789,50;1795,00;1774,60;151,25K;-0,07%
18-ago-21;1784,40;1787,80;1795,70;1778,80;132,73K;-0,19%
17-ago-21;1787,80;1789,10;1797,60;1782,10;144,82K;-0,11%
16-ago-21;1789,80;1780,70;1791,30;1772,00;137,70K;0,65%
13-ago-21;1778,20;1754,40;1781,90;1753,00;144,81K;1,51%
12-ago-21;1751,80;1752,90;1759,60;1742,60;137,12K;-0,09%
11-ago-21;1753,30;1730,40;1756,70;1724,60;185,44K;1,25%
10-ago-21;1731,70;1732,00;1739,40;1718,50;182,56K;0,30%
9-ago-21;1726,50;1765,00;1765,70;1677,90;289,54K;-2,08%
6-ago-21;1763,10;1806,70;1807,00;1759,50;323,15K;-2,53%
5-ago-21;1808,90;1814,90;1817,90;1799,70;169,84K;-0,31%
4-ago-21;1814,50;1813,70;1835,90;1808,30;244,68K;0,02%
3-ago-21;1814,10;1816,80;1818,20;1809,50;103,45K;-0,44%
2-ago-21;1822,20;1817,00;1823,20;1808,20;159,76K;0,28%
30-jul-21;1817,20;1832,50;1835,50;1813,10;157,14K;-1,01%
29-jul-21;1835,80;1811,50;1837,50;1810,90;212,07K;2,01%
28-jul-21;1799,70;1798,60;1809,00;1790,70;209,78K;-0,01%
27-jul-21;1799,80;1797,10;1805,40;1792,80;177,04K;0,03%
26-jul-21;1799,20;1802,30;1812,00;1796,00;204,55K;-0,14%
23-jul-21;1801,80;1807,70;1810,70;1789,10;236,76K;-0,20%
22-jul-21;1805,40;1803,90;1808,40;1791,90;193,32K;0,11%
21-jul-21;1803,40;1810,60;1814,40;1794,30;218,64K;-0,44%
20-jul-21;1811,40;1813,50;1825,90;1805,20;221,14K;0,12%
19-jul-21;1809,20;1811,60;1818,00;1795,00;249,68K;-0,32%
16-jul-21;1815,00;1830,70;1832,70;1809,50;184,66K;-0,77%
15-jul-21;1829,00;1828,70;1835,00;1820,60;175,61K;0,22%
14-jul-21;1825,00;1808,30;1831,10;1804,90;229,88K;0,83%
13-jul-21;1809,90;1806,70;1818,00;1798,70;242,18K;0,22%
12-jul-21;1805,90;1808,50;1811,00;1791,00;201,42K;-0,26%
9-jul-21;1810,60;1803,20;1813,00;1796,60;185,58K;0,58%
8-jul-21;1800,20;1803,80;1819,50;1793,50;249,34K;-0,11%
7-jul-21;1802,10;1797,00;1810,20;1794,10;171,08K;0,44%
5-jul-21;1794,20;1787,50;1815,70;1784,70;276,60K;0,61%
2-jul-21;1783,30;1777,50;1795,90;1774,40;205,86K;0,37%
1-jul-21;1776,80;1770,80;1783,40;1765,90;171,44K;0,29%
30-jun-21;1771,60;1761,90;1774,70;1753,20;177,89K;0,45%
29-jun-21;1763,60;1778,80;1779,20;1750,10;239,91K;-0,96%
28-jun-21;1780,70;1782,00;1786,10;1770,40;160,79K;0,16%
25-jun-21;1777,80;1775,70;1791,00;1773,60;161,20K;0,06%
24-jun-21;1776,70;1778,20;1788,60;1772,70;152,23K;-0,38%
23-jun-21;1783,40;1779,10;1795,60;1773,10;179,27K;0,34%
22-jun-21;1777,40;1783,20;1790,10;1771,20;172,75K;-0,31%
21-jun-21;1782,90;1764,30;1786,90;1764,10;195,52K;0,79%
18-jun-21;1769,00;1773,90;1797,90;1761,20;264,61K;-0,33%
17-jun-21;1774,80;1812,30;1826,40;1767,90;385,89K;-4,65%
16-jun-21;1861,40;1861,00;1866,00;1804,40;234,10K;0,27%
15-jun-21;1856,40;1867,80;1870,90;1853,00;155,34K;-0,51%
14-jun-21;1865,90;1879,60;1879,70;1845,70;242,30K;-0,73%
11-jun-21;1879,60;1901,90;1906,20;1876,10;220,46K;-0,89%
10-jun-21;1896,40;1891,40;1903,00;1871,80;250,55K;0,05%
9-jun-21;1895,50;1894,40;1901,70;1889,30;147,33K;0,06%
8-jun-21;1894,40;1901,60;1906,90;1885,70;173,60K;-0,23%
7-jun-21;1898,80;1894,30;1902,90;1883,70;146,02K;0,36%
4-jun-21;1892,00;1872,70;1899,00;1855,60;228,83K;1,00%
3-jun-21;1873,30;1910,50;1912,30;1866,70;278,58K;-1,92%
2-jun-21;1909,90;1903,00;1911,80;1896,40;166,04K;0,26%
31-may-21;1905,00;1906,80;1919,20;1894,50;290,65K;-0,02%
28-may-21;1905,30;1899,80;1908,80;1884,30;198,14K;0,51%
27-may-21;1895,70;1896,80;1903,90;1888,20;35,79K;-0,29%
26-may-21;1901,20;1900,00;1913,30;1890,70;170,53K;0,17%
25-may-21;1898,00;1881,20;1901,20;1873,20;316,67K;0,72%
24-may-21;1884,50;1883,50;1887,90;1875,70;183,31K;0,42%
21-may-21;1876,70;1878,10;1890,30;1870,30;234,29K;-0,28%
20-may-21;1881,90;1869,90;1885,30;1864,20;223,57K;0,02%
19-may-21;1881,50;1870,20;1891,30;1852,20;398,21K;0,72%
18-may-21;1868,00;1867,30;1875,90;1863,50;229,02K;0,02%
17-may-21;1867,60;1845,90;1869,30;1841,10;267,71K;1,60%
14-may-21;1838,10;1826,40;1847,10;1819,00;224,38K;0,77%
13-may-21;1824,00;1816,20;1829,10;1808,40;249,93K;0,07%
12-may-21;1822,80;1838,20;1844,70;1813,00;339,21K;-0,72%
11-may-21;1836,10;1836,20;1842,50;1817,80;311,10K;-0,08%
10-may-21;1837,60;1835,40;1846,30;1830,50;269,71K;0,34%
7-may-21;1831,30;1815,40;1844,60;1813,40;367,70K;0,86%
6-may-21;1815,70;1787,00;1818,60;1781,80;287,63K;1,76%
5-may-21;1784,30;1778,40;1788,10;1769,30;178,81K;0,47%
4-may-21;1776,00;1793,20;1799,50;1769,20;246,59K;-0,88%
3-may-21;1791,80;1768,10;1798,90;1765,60;204,54K;1,36%
30-abr-21;1767,70;1772,40;1773,30;1763,30;167,29K;-0,03%
29-abr-21;1768,30;1781,90;1789,90;1754,60;231,52K;-0,32%
28-abr-21;1773,90;1776,40;1782,70;1761,80;198,58K;-0,28%
27-abr-21;1778,80;1781,10;1785,90;1773,90;147,95K;-0,07%
26-abr-21;1780,10;1776,10;1783,10;1768,20;143,36K;0,13%
23-abr-21;1777,80;1784,00;1796,30;1769,50;175,85K;-0,24%
22-abr-21;1782,00;1794,50;1798,10;1777,10;163,75K;-0,62%
21-abr-21;1793,10;1779,10;1798,40;1776,60;173,97K;0,83%
20-abr-21;1778,40;1770,50;1780,80;1763,50;169,04K;0,44%
19-abr-21;1770,60;1778,80;1790,40;1766,60;180,73K;-0,54%
16-abr-21;1780,20;1764,80;1784,70;1760,30;173,50K;0,76%
15-abr-21;1766,80;1736,60;1770,60;1734,40;198,14K;1,76%
14-abr-21;1736,30;1746,40;1750,70;1732,30;145,26K;-0,65%
13-abr-21;1747,60;1732,20;1749,50;1723,20;175,59K;0,86%
12-abr-21;1732,70;1744,50;1746,20;1727,00;125,36K;-0,69%
9-abr-21;1744,80;1756,50;1758,20;1730,80;171,40K;-0,76%
8-abr-21;1758,20;1738,60;1759,40;1733,60;144,57K;0,95%
7-abr-21;1741,60;1744,40;1745,40;1731,20;122,80K;-0,08%
6-abr-21;1743,00;1729,20;1746,70;1728,20;152,60K;0,82%
5-abr-21;1728,80;1730,00;1734,40;1721,60;101,75K;0,02%
1-abr-21;1728,40;1709,00;1732,00;1706,40;170,43K;0,75%
31-mar-21;1715,60;1685,90;1716,30;1677,30;210,77K;1,76%
30-mar-21;1686,00;1713,00;1714,80;1678,30;225,87K;-1,53%
29-mar-21;1712,20;1731,50;1732,60;1703,30;135,46K;-1,16%
26-mar-21;1732,30;1725,50;1735,50;1718,80;172,94K;0,42%
25-mar-21;1725,10;1733,20;1744,80;1720,30;226,21K;-0,47%
24-mar-21;1733,20;1725,90;1737,70;1722,30;186,52K;0,47%
23-mar-21;1725,10;1738,50;1742,00;1722,70;226,20K;-0,75%
22-mar-21;1738,10;1745,60;1747,00;1726,40;196,31K;-0,21%
19-mar-21;1741,70;1733,70;1746,10;1727,10;213,28K;0,53%
18-mar-21;1732,50;1744,00;1754,20;1716,60;251,76K;0,31%
17-mar-21;1727,10;1730,00;1750,60;1722,00;220,55K;-0,22%
16-mar-21;1730,90;1730,70;1740,50;1724,40;173,89K;0,10%
15-mar-21;1729,20;1726,50;1733,20;1719,20;163,05K;0,55%
12-mar-21;1719,80;1720,50;1728,00;1696,60;232,21K;-0,16%
11-mar-21;1722,60;1725,00;1738,00;1716,80;215,34K;0,05%
10-mar-21;1721,80;1714,50;1725,30;1705,60;226,89K;0,29%
9-mar-21;1716,90;1679,30;1718,70;1676,70;248,95K;2,32%
8-mar-21;1678,00;1701,60;1712,00;1673,30;273,91K;-1,21%
5-mar-21;1698,50;1695,30;1705,70;1683,00;269,33K;-0,13%
4-mar-21;1700,70;1708,40;1721,60;1687,60;277,45K;-0,88%
3-mar-21;1715,80;1736,50;1739,10;1699,40;255,65K;-1,03%
2-mar-21;1733,60;1722,80;1737,80;1704,60;235,96K;0,62%
1-mar-21;1723,00;1732,80;1757,40;1717,20;241,92K;-0,34%
26-feb-21;1728,80;1770,90;1773,80;1714,90;362,55K;-2,62%
25-feb-21;1775,40;1804,90;1805,00;1763,90;316,25K;-1,25%
24-feb-21;1797,90;1805,00;1813,00;1782,20;224,06K;-0,44%
23-feb-21;1805,90;1809,30;1815,20;1794,50;191,15K;-0,14%
22-feb-21;1808,40;1782,00;1812,40;1778,60;221,20K;1,74%
19-feb-21;1777,40;1774,60;1790,90;1759,00;251,78K;0,14%
18-feb-21;1775,00;1776,00;1788,80;1766,60;224,77K;0,12%
17-feb-21;1772,80;1793,10;1794,20;1767,90;257,34K;-1,46%
15-feb-21;1799,00;1826,00;1827,10;1788,10;355,92K;-1,33%
12-feb-21;1823,20;1825,40;1831,50;1810,10;171,90K;-0,20%
11-feb-21;1826,80;1844,30;1848,60;1821,70;147,02K;-0,86%
10-feb-21;1842,70;1838,30;1856,60;1834,00;176,44K;0,28%
9-feb-21;1837,50;1832,40;1849,50;1830,30;154,39K;0,18%
8-feb-21;1834,20;1818,10;1840,60;1807,30;177,56K;1,17%
5-feb-21;1813,00;1794,30;1816,00;1792,20;205,76K;1,22%
4-feb-21;1791,20;1834,50;1835,70;1784,60;279,62K;-2,39%
3-feb-21;1835,10;1838,50;1845,90;1830,10;137,23K;0,09%
2-feb-21;1833,40;1863,60;1866,30;1830,40;236,00K;-1,64%
1-feb-21;1863,90;1865,00;1876,00;1851,70;242,05K;0,74%
29-ene-21;1850,30;1845,60;1878,90;1841,20;276,17K;0,49%
28-ene-21;1841,20;1847,20;1867,00;1835,60;277,59K;-0,20%
27-ene-21;1844,90;1849,70;1851,50;1828,40;195,54K;-0,32%
26-ene-21;1850,90;1854,90;1860,80;1847,20;170,26K;-0,23%
25-ene-21;1855,20;1855,30;1867,40;1846,20;211,98K;-0,05%
22-ene-21;1856,20;1870,10;1870,80;1836,30;249,72K;-0,52%
21-ene-21;1865,90;1871,00;1874,60;1857,50;196,94K;-0,03%
20-ene-21;1866,50;1839,90;1872,00;1831,10;274,40K;1,43%
18-ene-21;1840,20;1828,80;1845,00;1800,80;331,59K;0,56%
15-ene-21;1829,90;1847,30;1856,60;1822,10;231,11K;-1,16%
14-ene-21;1851,40;1845,60;1857,60;1826,60;257,66K;-0,19%
13-ene-21;1854,90;1855,00;1863,00;1841,60;225,99K;0,58%
12-ene-21;1844,20;1845,40;1864,00;1835,80;240,66K;-0,36%
11-ene-21;1850,80;1849,40;1856,00;1817,10;268,36K;0,84%
8-ene-21;1835,40;1915,20;1918,40;1827,80;443,51K;-4,09%
7-ene-21;1913,60;1921,50;1929,60;1907,50;199,98K;0,26%
6-ene-21;1908,60;1952,80;1962,50;1902,60;366,61K;-2,34%
5-ene-21;1954,40;1946,00;1957,00;1938,40;201,95K;0,40%
4-ene-21;1946,60;1908,20;1948,70;1906,10;273,37K;2,72%
31-dic-20;1895,10;1899,00;1904,90;1889,10;130,63K;0,09%
30-dic-20;1893,40;1881,80;1899,00;1879,50;133,66K;0,56%
29-dic-20;1882,90;1878,00;1891,30;1875,60;149,27K;0,13%
28-dic-20;1880,40;1887,00;1904,10;1873,00;196,76K;-0,15%
24-dic-20;1883,20;1877,30;1887,40;1873,10;89,41K;0,27%
23-dic-20;1878,10;1865,60;1883,70;1860,90;162,54K;0,42%
22-dic-20;1870,30;1883,00;1889,40;1863,70;176,02K;-0,66%
21-dic-20;1882,80;1892,90;1912,00;1859,00;232,05K;-0,32%
18-dic-20;1888,90;1891,30;1895,70;1881,90;153,23K;-0,08%
17-dic-20;1890,40;1868,40;1902,00;1865,90;219,87K;1,68%
16-dic-20;1859,10;1857,70;1870,00;1848,20;199,68K;0,20%
15-dic-20;1855,30;1830,50;1859,30;1828,50;173,61K;1,27%
14-dic-20;1832,10;1845,00;1845,60;1820,00;168,49K;-0,62%
11-dic-20;1843,60;1840,00;1851,80;1826,80;153,80K;0,34%
10-dic-20;1837,40;1843,00;1854,20;1831,50;164,80K;-0,06%
9-dic-20;1838,50;1875,40;1875,90;1828,20;219,59K;-1,94%
8-dic-20;1874,90;1866,10;1879,80;1863,90;151,79K;0,48%
7-dic-20;1866,00;1841,10;1873,00;1824,80;209,04K;1,41%
4-dic-20;1840,00;1844,70;1852,70;1832,00;171,26K;-0,06%
3-dic-20;1841,10;1833,90;1847,40;1826,70;180,36K;0,60%
2-dic-20;1830,20;1819,10;1835,70;1810,50;185,32K;0,62%
1-dic-20;1818,90;1780,30;1821,10;1778,40;203,65K;2,13%
30-nov-20;1780,90;1790,80;1793,30;1767,20;242,73K;-0,40%
26-nov-20;1788,10;1812,10;1822,60;1776,50;282,35K;-0,96%
25-nov-20;1805,50;1805,20;1816,30;1798,60;205,75K;0,05%
24-nov-20;1804,60;1835,70;1836,90;1797,10;367,88K;-1,81%
23-nov-20;1837,80;1869,80;1875,00;1828,00;319,66K;-1,85%
20-nov-20;1872,40;1864,80;1879,20;1859,10;186,17K;0,59%
19-nov-20;1861,50;1872,00;1872,60;1850,00;222,35K;-0,66%
18-nov-20;1873,90;1879,50;1884,20;1860,30;209,00K;-0,59%
17-nov-20;1885,10;1888,20;1892,70;1876,30;160,88K;-0,14%
16-nov-20;1887,80;1886,60;1898,00;1861,50;222,94K;0,08%
13-nov-20;1886,20;1875,60;1895,80;1872,10;162,54K;0,69%
12-nov-20;1873,30;1863,90;1883,00;1860,70;209,93K;0,63%
11-nov-20;1861,60;1876,10;1882,50;1853,90;215,17K;-0,79%
10-nov-20;1876,40;1864,10;1888,90;1858,90;264,87K;1,19%
9-nov-20;1854,40;1956,00;1966,10;1848,00;496,09K;-4,99%
6-nov-20;1951,70;1950,00;1961,80;1937,20;246,78K;0,25%
5-nov-20;1946,80;1903,40;1954,30;1902,20;297,51K;2,67%
4-nov-20;1896,20;1910,30;1917,90;1881,80;293,95K;-0,74%
3-nov-20;1910,40;1896,40;1912,20;1887,60;171,37K;0,95%
2-nov-20;1892,50;1877,00;1897,10;1873,30;164,94K;0,67%
30-oct-20;1879,90;1867,90;1890,90;1863,30;213,17K;0,64%
29-oct-20;1868,00;1877,50;1885,10;1859,20;225,16K;-0,60%
28-oct-20;1879,20;1909,80;1912,60;1869,10;297,09K;-1,71%
27-oct-20;1911,90;1904,40;1913,80;1898,70;153,30K;0,33%
26-oct-20;1905,70;1906,00;1911,10;1892,50;166,31K;0,03%
23-oct-20;1905,20;1906,50;1917,30;1895,20;172,96K;0,03%
22-oct-20;1904,60;1927,40;1929,40;1894,20;215,58K;-1,29%
21-oct-20;1929,50;1911,60;1936,00;1911,60;201,27K;0,74%
20-oct-20;1915,40;1906,40;1917,60;1896,60;163,91K;0,19%
19-oct-20;1911,70;1903,20;1923,40;1900,20;159,85K;0,28%
16-oct-20;1906,40;1912,70;1918,70;1901,10;146,91K;-0,13%
15-oct-20;1908,90;1906,00;1913,20;1892,70;213,57K;0,08%
14-oct-20;1907,30;1895,40;1917,50;1885,00;188,30K;0,67%
13-oct-20;1894,60;1927,30;1930,60;1889,30;267,54K;-1,78%
12-oct-20;1928,90;1935,00;1939,40;1923,80;157,21K;0,14%
9-oct-20;1926,20;1898,40;1936,80;1898,00;229,85K;1,64%
8-oct-20;1895,10;1890,60;1905,30;1885,30;185,45K;0,23%
7-oct-20;1890,80;1882,60;1902,40;1877,10;188,59K;-0,94%
6-oct-20;1908,80;1917,80;1927,00;1878,20;219,44K;-0,59%
5-oct-20;1920,10;1910,90;1924,90;1891,20;177,59K;0,66%
2-oct-20;1907,60;1911,00;1923,60;1895,20;212,73K;-0,45%
1-oct-20;1916,30;1891,20;1917,90;1890,00;262,09K;1,10%
30-sep-20;1895,50;1903,20;1908,20;1885,80;259,87K;-0,40%
29-sep-20;1903,20;1886,40;1904,80;1880,80;217,80K;1,11%
28-sep-20;1882,30;1862,70;1888,20;1851,10;235,92K;0,86%
25-sep-20;1866,30;1872,70;1879,30;1854,10;230,86K;-0,56%
24-sep-20;1876,90;1866,90;1880,90;1851,00;345,04K;0,45%
23-sep-20;1868,40;1905,10;1909,90;1856,00;411,56K;-2,05%
22-sep-20;1907,60;1918,10;1925,50;1898,90;282,71K;-0,16%
21-sep-20;1910,60;1957,30;1962,90;1885,40;386,67K;-2,62%
18-sep-20;1962,10;1951,10;1968,20;1951,10;176,07K;0,63%
17-sep-20;1949,90;1967,60;1969,30;1938,20;273,14K;-1,05%
16-sep-20;1970,50;1961,40;1983,80;1957,20;298,39K;0,22%
15-sep-20;1966,20;1966,20;1982,40;1955,60;239,54K;0,13%
14-sep-20;1963,70;1948,90;1972,50;1945,20;200,09K;0,81%
11-sep-20;1947,90;1953,80;1963,40;1944,00;205,23K;-0,83%
10-sep-20;1964,30;1955,30;1975,20;1948,60;271,48K;0,48%
9-sep-20;1954,90;1939,40;1959,70;1926,30;227,18K;0,60%
7-sep-20;1943,20;1938,00;1948,30;1911,70;416,01K;0,46%
4-sep-20;1934,30;1938,00;1956,60;1921,60;304,74K;-0,18%
3-sep-20;1937,80;1948,90;1956,60;1927,20;303,03K;-0,35%
2-sep-20;1944,70;1976,80;1980,40;1938,90;332,59K;-1,73%
1-sep-20;1978,90;1973,70;2001,20;1969,20;304,89K;0,02%
31-ago-20;1978,60;1973,90;1985,80;1962,30;245,11K;0,19%
28-ago-20;1974,90;1937,50;1983,00;1928,20;334,10K;2,19%
27-ago-20;1932,60;1963,00;1987,00;1914,70;467,17K;-1,02%
26-ago-20;1952,50;1939,00;1963,40;1908,40;342,21K;1,53%
25-ago-20;1923,10;1935,90;1944,10;1919,10;274,11K;-0,83%
24-ago-20;1939,20;1947,90;1970,30;1930,80;286,26K;-0,40%
21-ago-20;1947,00;1955,60;1963,10;1916,60;355,07K;0,03%
20-ago-20;1946,50;1934,40;1963,10;1928,90;383,34K;-1,21%
19-ago-20;1970,30;2010,50;2015,60;1930,50;443,26K;-2,13%
18-ago-20;2013,10;1993,60;2024,60;1985,20;361,48K;0,72%
17-ago-20;1998,70;1956,40;2000,80;1939,10;289,44K;2,51%
14-ago-20;1949,80;1963,80;1970,00;1939,10;241,80K;-1,05%
13-ago-20;1970,40;1927,30;1974,80;1923,00;349,89K;1,10%
12-ago-20;1949,00;1921,60;1961,00;1874,20;459,84K;0,14%
11-ago-20;1946,30;2038,40;2040,50;1911,30;565,00K;-4,58%
10-ago-20;2039,70;2044,80;2060,80;2027,80;251,31K;0,58%
7-ago-20;2028,00;2076,40;2089,20;2024,80;398,13K;-2,00%
6-ago-20;2069,40;2055,00;2081,80;2049,00;312,76K;0,98%
5-ago-20;2049,30;2037,00;2070,30;2027,50;366,38K;1,40%
4-ago-20;2021,00;1993,50;2037,70;1982,60;274,42K;1,75%
3-ago-20;1986,30;1997,40;2009,50;1975,20;178,75K;0,02%
31-jul-20;1985,90;1973,60;2005,40;1971,40;279,32K;0,97%
30-jul-20;1966,80;1986,40;1987,30;1952,30;271,38K;0,69%
29-jul-20;1953,40;1950,60;1974,90;1935,20;209,84K;0,45%
28-jul-20;1944,60;1937,10;1974,70;1900,20;434,45K;0,70%
27-jul-20;1931,00;1901,20;1941,90;1899,00;428,23K;1,77%
24-jul-20;1897,50;1884,90;1904,60;1880,50;300,17K;0,40%
23-jul-20;1890,00;1871,60;1897,70;1863,10;418,75K;1,34%
22-jul-20;1865,10;1842,80;1871,80;1842,10;382,23K;1,15%
21-jul-20;1843,90;1819,60;1844,90;1817,20;271,09K;1,46%
20-jul-20;1817,40;1812,30;1823,40;1806,60;177,74K;0,41%
17-jul-20;1810,00;1796,90;1813,90;1795,20;167,01K;0,54%
16-jul-20;1800,30;1813,10;1816,20;1794,10;196,57K;-0,74%
15-jul-20;1813,80;1811,10;1819,50;1804,00;183,06K;0,02%
14-jul-20;1813,40;1805,20;1815,00;1791,10;253,21K;-0,04%
13-jul-20;1814,10;1803,40;1818,80;1802,10;230,40K;0,68%
10-jul-20;1801,90;1808,40;1817,00;1796,50;223,83K;-0,11%
9-jul-20;1803,80;1818,80;1825,50;1799,60;283,37K;-0,92%
8-jul-20;1820,60;1807,90;1829,80;1803,80;247,50K;0,59%
7-jul-20;1809,90;1793,90;1810,80;1781,20;221,73K;0,91%
3-jul-20;1793,50;1787,90;1799,00;1779,20;184,65K;0,20%
2-jul-20;1790,00;1779,00;1791,70;1766,30;186,31K;0,57%
1-jul-20;1779,90;1798,90;1807,70;1767,90;263,25K;-1,14%
30-jun-20;1800,50;1784,20;1804,00;1774,80;199,42K;1,08%
29-jun-20;1781,20;1789,20;1790,40;1776,50;130,51K;0,05%
26-jun-20;1780,30;1774,80;1786,20;1754,00;201,23K;0,55%
25-jun-20;1770,60;1772,30;1779,60;1764,10;152,20K;-0,25%
24-jun-20;1775,10;1784,40;1796,10;1770,60;239,53K;-0,39%
23-jun-20;1782,00;1764,90;1786,80;1758,30;194,68K;0,88%
22-jun-20;1766,40;1765,80;1779,00;1753,50;228,68K;0,76%
19-jun-20;1753,00;1729,80;1760,90;1728,30;181,15K;1,27%
18-jun-20;1731,10;1735,50;1749,20;1722,70;155,91K;-0,26%
17-jun-20;1735,60;1735,30;1739,30;1717,30;140,07K;-0,05%
16-jun-20;1736,50;1732,30;1741,30;1721,80;182,42K;0,54%
15-jun-20;1727,20;1740,70;1743,80;1706,20;200,23K;-0,58%
12-jun-20;1737,30;1733,60;1753,00;1728,20;151,40K;-0,14%
11-jun-20;1739,80;1746,60;1754,90;1727,50;205,35K;1,11%
10-jun-20;1720,70;1718,90;1749,40;1714,10;198,76K;-0,07%
9-jun-20;1721,90;1703,90;1729,40;1697,60;182,91K;0,99%
8-jun-20;1705,10;1686,70;1707,60;1680,70;154,77K;1,31%
5-jun-20;1683,00;1720,80;1723,20;1671,70;273,68K;-2,57%
4-jun-20;1727,40;1702,80;1729,00;1698,90;198,72K;1,33%
3-jun-20;1704,80;1733,70;1738,90;1690,30;256,52K;-1,68%
2-jun-20;1734,00;1750,30;1757,00;1728,00;175,35K;-0,93%
1-jun-20;1750,30;1749,80;1761,00;1737,60;146,13K;-0,08%
29-may-20;1751,70;1732,70;1754,50;1725,30;150,11K;1,35%
28-may-20;1728,30;1725,00;1743,70;1720,00;164,82K;1,03%
27-may-20;1710,70;1703,10;1713,20;1684,20;137,42K;0,30%
25-may-20;1705,60;1734,80;1737,20;1700,00;313,17K;-1,72%
22-may-20;1735,50;1726,00;1742,00;1722,50;196,82K;0,79%
21-may-20;1721,90;1751,70;1751,70;1715,30;238,74K;-1,72%
20-may-20;1752,10;1749,20;1757,60;1744,00;184,46K;0,37%
19-may-20;1745,60;1734,80;1751,60;1727,20;185,26K;0,65%
18-may-20;1734,40;1757,50;1775,80;1729,30;271,47K;-1,25%
15-may-20;1756,30;1738,50;1761,20;1736,80;200,18K;0,88%
14-may-20;1740,90;1723,10;1746,50;1716,00;212,91K;1,43%
13-may-20;1716,40;1705,00;1726,50;1701,60;211,61K;0,56%
12-may-20;1706,80;1700,00;1716,70;1693,50;198,07K;0,52%
11-may-20;1698,00;1706,00;1713,80;1692,10;202,17K;-0,93%
8-may-20;1713,90;1727,20;1735,50;1703,10;232,81K;-0,69%
7-may-20;1725,80;1686,00;1733,20;1683,90;250,70K;2,21%
6-may-20;1688,50;1714,10;1716,60;1683,00;203,37K;-1,29%
5-may-20;1710,60;1711,00;1717,80;1695,40;184,73K;-0,16%
4-may-20;1713,30;1711,20;1726,00;1700,30;148,73K;0,73%
1-may-20;1700,90;1693,50;1714,40;1676,00;168,02K;0,40%
30-abr-20;1694,20;1729,60;1737,00;1687,50;234,53K;-1,12%
29-abr-20;1713,40;1724,80;1733,50;1708,20;159,60K;-0,51%
28-abr-20;1722,20;1724,40;1731,90;1704,10;171,34K;-0,09%
27-abr-20;1723,80;1745,00;1745,80;1720,00;146,64K;-0,68%
24-abr-20;1735,60;1753,00;1760,20;1725,40;180,24K;-0,56%
23-abr-20;1745,40;1736,50;1764,20;1730,60;201,88K;0,41%
22-abr-20;1738,30;1703,10;1742,40;1695,40;193,73K;2,99%
21-abr-20;1687,80;1713,30;1718,00;1666,20;248,63K;-1,37%
20-abr-20;1711,20;1693,00;1718,40;1685,00;186,91K;0,73%
17-abr-20;1698,80;1738,50;1738,80;1691,20;227,07K;-1,90%
16-abr-20;1731,70;1743,50;1768,00;1722,60;204,23K;-0,49%
15-abr-20;1740,20;1758,10;1759,80;1731,60;186,70K;-1,62%
14-abr-20;1768,90;1761,50;1788,80;1747,10;241,19K;0,43%
13-abr-20;1761,40;1742,30;1772,80;1724,20;166,89K;0,49%
9-abr-20;1752,80;1680,50;1754,50;1676,50;218,80K;4,07%
8-abr-20;1684,30;1678,70;1695,80;1670,70;125,33K;0,04%
7-abr-20;1683,70;1707,10;1742,60;1672,00;204,50K;-0,60%
6-abr-20;1693,90;1647,70;1715,80;1638,20;192,75K;2,93%
3-abr-20;1645,70;1635,30;1652,80;1624,40;139,61K;0,49%
2-abr-20;1637,70;1602,40;1645,60;1595,20;167,71K;2,91%
1-abr-20;1591,40;1589,40;1612,40;1576,00;164,48K;-0,33%
31-mar-20;1596,60;1643,40;1645,60;1588,20;176,55K;-2,84%
30-mar-20;1643,20;1663,40;1673,60;1632,00;157,37K;-0,66%
27-mar-20;1654,10;1653,40;1661,00;1630,70;159,26K;0,18%
26-mar-20;1651,20;1642,50;1672,50;1611,00;215,97K;1,09%
25-mar-20;1633,40;1666,20;1699,30;1615,20;254,19K;-1,65%
24-mar-20;1660,80;1563,80;1698,00;1560,50;418,78K;5,95%
23-mar-20;1567,60;1505,00;1569,30;1484,60;362,07K;5,59%
20-mar-20;1484,60;1471,60;1519,40;1457,50;269,97K;0,36%
19-mar-20;1479,30;1487,20;1502,80;1460,10;325,29K;0,09%
18-mar-20;1477,90;1527,60;1547,00;1473,30;435,19K;-3,14%
17-mar-20;1525,80;1512,80;1554,30;1465,60;434,51K;2,64%
16-mar-20;1486,50;1563,80;1574,80;1450,90;565,98K;-1,99%
13-mar-20;1516,70;1582,70;1597,90;1504,00;551,05K;-4,63%
12-mar-20;1590,30;1633,10;1651,00;1560,40;605,72K;-3,17%
11-mar-20;1642,30;1649,30;1671,80;1632,40;404,35K;-1,08%
10-mar-20;1660,30;1679,60;1681,30;1641,10;385,48K;-0,92%
9-mar-20;1675,70;1692,60;1704,30;1658,00;504,16K;0,20%
6-mar-20;1672,40;1673,10;1692,80;1642,40;659,63K;0,26%
5-mar-20;1668,00;1638,20;1675,50;1635,60;363,00K;1,52%
4-mar-20;1643,00;1640,10;1654,30;1632,60;313,34K;-0,09%
3-mar-20;1644,40;1586,00;1650,50;1585,90;466,53K;3,11%
2-mar-20;1594,80;1592,80;1612,10;1576,30;443,53K;1,79%
28-feb-20;1566,70;1646,10;1651,00;1564,00;745,84K;-4,61%
27-feb-20;1642,50;1643,00;1662,50;1636,70;573,29K;-0,04%
26-feb-20;1643,10;1637,30;1657,10;1626,60;531,90K;-0,42%
25-feb-20;1650,00;1661,80;1666,70;1627,00;672,76K;-1,59%
24-feb-20;1676,60;1656,00;1691,70;1652,80;680,82K;1,69%
21-feb-20;1648,80;1623,60;1652,10;1621,60;489,19K;1,75%
20-feb-20;1620,50;1615,00;1626,50;1606,60;403,04K;0,54%
19-feb-20;1611,80;1604,80;1615,90;1602,40;307,89K;0,51%
17-feb-20;1603,60;1585,10;1608,20;1581,80;414,24K;1,08%
14-feb-20;1586,40;1579,00;1588,20;1576,00;227,11K;0,48%
13-feb-20;1578,80;1569,80;1581,70;1568,50;276,25K;0,46%
12-feb-20;1571,60;1571,20;1573,60;1564,40;189,55K;0,10%
11-feb-20;1570,10;1575,50;1577,50;1565,20;231,83K;-0,60%
10-feb-20;1579,50;1575,80;1580,50;1571,50;191,75K;0,39%
7-feb-20;1573,40;1570,70;1577,80;1563,50;286,42K;0,22%
6-feb-20;1570,00;1560,00;1571,90;1556,00;229,00K;0,46%
5-feb-20;1562,80;1556,10;1566,20;1551,10;306,05K;0,47%
4-feb-20;1555,50;1581,50;1584,50;1552,80;349,00K;-1,70%
3-feb-20;1582,40;1597,80;1598,50;1573,20;320,60K;-0,35%
31-ene-20;1587,90;1578,40;1595,50;1575,00;343,37K;-0,08%
30-ene-20;1589,20;1582,40;1590,70;1576,80;382,60K;1,20%
29-ene-20;1570,40;1566,30;1577,70;1562,00;251,27K;0,04%
28-ene-20;1569,80;1580,60;1582,20;1564,60;378,01K;-0,48%
27-ene-20;1577,40;1580,50;1588,40;1575,30;398,06K;0,35%
24-ene-20;1571,90;1562,90;1575,50;1555,80;427,14K;0,42%
23-ene-20;1565,40;1558,90;1567,50;1551,30;361,03K;0,56%
22-ene-20;1556,70;1558,90;1559,80;1550,00;286,08K;-0,08%
20-ene-20;1557,90;1557,30;1568,80;1546,00;462,62K;-0,15%
17-ene-20;1560,30;1553,00;1561,40;1549,30;264,93K;0,63%
16-ene-20;1550,50;1556,60;1558,20;1548,00;260,05K;-0,23%
15-ene-20;1554,00;1546,80;1558,80;1546,50;310,07K;0,61%
14-ene-20;1544,60;1548,60;1549,50;1536,40;340,91K;-0,39%
13-ene-20;1550,60;1563,00;1563,10;1547,00;311,73K;-0,61%
10-ene-20;1560,10;1553,40;1564,10;1546,70;344,34K;0,37%
9-ene-20;1554,30;1557,70;1562,40;1541,00;372,88K;-0,38%
8-ene-20;1560,20;1578,80;1613,30;1553,40;813,41K;-0,90%
7-ene-20;1574,30;1567,40;1579,20;1557,00;435,87K;0,35%
6-ene-20;1568,80;1562,70;1590,90;1562,30;558,97K;1,06%
3-ene-20;1552,40;1531,70;1556,60;1530,40;436,74K;1,59%
2-ene-20;1528,10;1521,00;1534,00;1519,70;270,55K;0,33%
31-dic-19;1523,10;1517,70;1529,00;1517,50;220,85K;0,30%
30-dic-19;1518,60;1515,90;1519,10;1513,50;178,72K;0,03%
27-dic-19;1518,10;1516,50;1519,90;1512,10;204,99K;0,24%
26-dic-19;1514,40;1503,90;1517,40;1502,10;216,61K;0,64%
24-dic-19;1504,80;1489,80;1505,00;1488,10;183,68K;1,08%
23-dic-19;1488,70;1482,40;1490,10;1481,20;162,45K;0,53%
20-dic-19;1480,90;1482,70;1484,80;1479,50;140,77K;-0,24%
19-dic-19;1484,40;1479,40;1485,80;1477,10;201,19K;0,39%
18-dic-19;1478,70;1480,40;1483,60;1474,30;197,97K;-0,13%
17-dic-19;1480,60;1480,60;1484,90;1478,40;173,25K;0,01%
16-dic-19;1480,50;1480,00;1484,50;1477,40;165,85K;-0,05%
13-dic-19;1481,20;1470,80;1482,50;1465,50;356,68K;0,60%
12-dic-19;1472,30;1479,20;1491,60;1468,20;409,86K;-0,18%
11-dic-19;1475,00;1468,50;1483,50;1466,90;251,73K;0,47%
10-dic-19;1468,10;1466,30;1473,70;1464,20;228,83K;0,22%
9-dic-19;1464,90;1464,10;1469,80;1463,00;177,22K;-0,01%
6-dic-19;1465,10;1481,00;1485,30;1463,30;317,32K;-1,21%
5-dic-19;1483,10;1480,00;1485,70;1478,00;240,01K;0,20%
4-dic-19;1480,20;1483,20;1489,90;1476,70;319,73K;-0,28%
3-dic-19;1484,40;1468,00;1487,70;1465,40;400,90K;1,03%
2-dic-19;1469,20;1470,30;1471,70;1459,80;316,58K;-0,24%
28-nov-19;1472,70;1461,20;1472,90;1459,10;272,34K;1,33%
27-nov-19;1453,40;1461,10;1461,90;1452,00;88,36K;-0,47%
26-nov-19;1460,30;1455,10;1462,90;1449,60;346,36K;0,23%
25-nov-19;1456,90;1461,00;1462,00;1453,90;298,71K;-0,46%
22-nov-19;1463,60;1464,30;1473,40;1461,20;320,50K;0,00%
21-nov-19;1463,60;1475,10;1475,90;1462,40;388,34K;-0,72%
20-nov-19;1474,20;1472,70;1479,20;1466,10;369,97K;-0,01%
19-nov-19;1474,30;1471,90;1475,80;1465,10;307,86K;0,16%
18-nov-19;1471,90;1467,80;1474,40;1456,60;331,24K;0,23%
15-nov-19;1468,50;1471,90;1472,10;1462,80;251,21K;-0,33%
14-nov-19;1473,40;1464,00;1475,50;1461,70;317,40K;0,69%
13-nov-19;1463,30;1456,50;1467,90;1456,40;352,33K;0,66%
12-nov-19;1453,70;1455,90;1461,30;1446,20;429,61K;-0,23%
11-nov-19;1457,10;1460,00;1467,40;1448,90;310,16K;-0,40%
8-nov-19;1462,90;1469,00;1473,90;1457,00;447,07K;-0,24%
7-nov-19;1466,40;1492,10;1493,60;1461,40;674,98K;-1,79%
6-nov-19;1493,10;1484,30;1495,90;1483,80;313,72K;0,63%
5-nov-19;1483,70;1511,60;1511,90;1480,70;593,62K;-1,81%
4-nov-19;1511,10;1516,40;1517,10;1506,50;260,20K;-0,02%
1-nov-19;1511,40;1515,10;1519,00;1505,40;380,99K;-0,22%
31-oct-19;1514,80;1498,80;1516,70;1496,00;390,01K;1,21%
30-oct-19;1496,70;1490,50;1499,30;1483,10;353,64K;0,40%
29-oct-19;1490,70;1494,30;1497,10;1485,60;291,98K;-0,34%
28-oct-19;1495,80;1507,40;1510,80;1492,30;318,13K;-0,63%
25-oct-19;1505,30;1506,40;1520,90;1503,10;368,74K;0,04%
24-oct-19;1504,70;1495,10;1506,90;1490,40;305,01K;0,60%
23-oct-19;1495,70;1491,10;1499,40;1490,70;244,62K;0,55%
22-oct-19;1487,50;1487,50;1492,10;1484,00;208,97K;-0,04%
21-oct-19;1488,10;1495,60;1498,70;1484,80;284,29K;-0,40%
18-oct-19;1494,10;1495,60;1497,90;1488,30;232,55K;-0,28%
17-oct-19;1498,30;1494,20;1501,10;1487,00;305,67K;0,29%
16-oct-19;1494,00;1484,80;1495,50;1480,60;367,90K;0,71%
15-oct-19;1483,50;1497,70;1503,00;1480,80;317,99K;-0,94%
14-oct-19;1497,60;1492,00;1501,50;1487,10;228,32K;0,60%
11-oct-19;1488,70;1498,30;1508,00;1478,00;485,96K;-0,81%
10-oct-19;1500,90;1510,80;1522,30;1495,70;417,88K;-0,79%
9-oct-19;1512,80;1510,90;1518,00;1505,10;285,28K;0,59%
8-oct-19;1503,90;1498,70;1515,30;1492,10;371,44K;-0,03%
7-oct-19;1504,40;1518,60;1518,80;1493,30;257,78K;-0,56%
4-oct-19;1512,90;1511,60;1522,20;1501,40;344,79K;-0,06%
3-oct-19;1513,80;1505,60;1525,80;1501,70;408,74K;0,39%
2-oct-19;1507,90;1485,40;1511,40;1480,50;393,10K;1,27%
1-oct-19;1489,00;1478,00;1493,50;1465,00;450,17K;1,09%
30-sep-19;1472,90;1501,70;1507,20;1470,50;439,71K;-2,22%
27-sep-19;1506,40;1511,80;1514,40;1493,30;451,93K;-0,58%
26-sep-19;1515,20;1510,90;1519,50;1507,10;378,29K;0,19%
25-sep-19;1512,30;1539,80;1542,80;1507,40;481,46K;-1,81%
24-sep-19;1540,20;1529,80;1543,30;1522,80;424,86K;0,57%
23-sep-19;1531,50;1521,50;1534,40;1517,90;359,88K;1,08%
20-sep-19;1515,10;1506,80;1524,50;1505,30;284,39K;0,59%
19-sep-19;1506,20;1502,00;1512,10;1496,30;291,30K;-0,63%
18-sep-19;1515,80;1509,70;1519,50;1490,70;364,96K;0,16%
17-sep-19;1513,40;1506,50;1515,00;1500,90;336,63K;0,13%
16-sep-19;1511,50;1513,10;1519,70;1503,40;349,61K;0,80%
13-sep-19;1499,50;1506,50;1516,60;1493,10;364,42K;-0,52%
12-sep-19;1507,40;1504,90;1532,20;1496,80;491,47K;0,28%
11-sep-19;1503,20;1493,90;1506,20;1492,90;308,79K;0,27%
10-sep-19;1499,20;1507,00;1509,10;1492,10;397,92K;-0,79%
9-sep-19;1511,10;1516,40;1523,80;1505,50;317,52K;-0,29%
6-sep-19;1515,50;1525,60;1536,20;1510,70;544,87K;-0,66%
5-sep-19;1525,50;1561,40;1561,90;1514,30;606,40K;-2,24%
4-sep-19;1560,40;1556,00;1566,20;1542,60;412,35K;0,29%
2-sep-19;1555,90;1535,20;1558,90;1528,00;554,83K;1,73%
30-ago-19;1529,40;1536,90;1541,90;1525,60;330,85K;-0,49%
29-ago-19;1536,90;1549,40;1559,80;1528,60;455,60K;-0,79%
28-ago-19;1549,10;1551,80;1556,60;1541,40;353,91K;-0,17%
27-ago-19;1551,80;1537,30;1554,50;1535,30;347,05K;0,95%
26-ago-19;1537,20;1545,40;1565,00;1534,80;411,67K;-0,03%
23-ago-19;1537,60;1508,80;1540,30;1503,00;473,00K;1,93%
22-ago-19;1508,50;1512,40;1514,60;1502,10;279,41K;-0,48%
21-ago-19;1515,70;1518,40;1518,40;1506,50;245,90K;0,00%
20-ago-19;1515,70;1506,30;1518,80;1503,00;247,54K;0,27%
19-ago-19;1511,60;1523,00;1523,60;1503,30;295,83K;-0,79%
16-ago-19;1523,60;1533,90;1538,60;1513,90;322,46K;-0,50%
15-ago-19;1531,20;1526,60;1537,70;1518,30;436,12K;0,22%
14-ago-19;1527,80;1513,00;1534,90;1504,50;484,19K;0,90%
13-ago-19;1514,10;1522,30;1546,10;1488,90;616,74K;-0,20%
12-ago-19;1517,20;1509,20;1531,50;1498,60;355,10K;0,58%
9-ago-19;1508,50;1515,90;1521,10;1506,20;332,61K;-0,07%
8-ago-19;1509,50;1512,10;1521,30;1501,60;402,96K;-0,66%
7-ago-19;1519,60;1486,70;1522,70;1484,30;651,55K;2,39%
6-ago-19;1484,20;1481,10;1486,80;1468,20;381,92K;0,52%
5-ago-19;1476,50;1451,20;1481,80;1448,80;534,19K;1,30%
2-ago-19;1457,50;1457,50;1461,90;1442,50;493,05K;1,75%
1-ago-19;1432,40;1425,60;1458,20;1412,10;587,56K;-0,38%
31-jul-19;1437,80;1443,70;1447,80;1422,30;419,58K;-0,28%
30-jul-19;1441,80;1439,50;1445,70;1434,80;259,62K;1,51%
29-jul-19;1420,40;1419,00;1428,00;1414,40;224,27K;0,08%
26-jul-19;1419,30;1414,90;1424,80;1412,90;306,02K;0,33%
25-jul-19;1414,70;1426,80;1434,10;1411,10;489,39K;-0,63%
24-jul-19;1423,60;1418,60;1430,00;1416,70;318,16K;0,13%
23-jul-19;1421,70;1426,00;1431,40;1414,60;386,68K;-0,36%
22-jul-19;1426,90;1428,50;1430,80;1423,00;255,35K;0,01%
19-jul-19;1426,70;1448,30;1454,40;1421,10;530,02K;-0,10%
18-jul-19;1428,10;1428,50;1449,70;1415,60;481,33K;0,34%
17-jul-19;1423,30;1407,90;1428,40;1401,30;358,17K;0,86%
16-jul-19;1411,20;1416,40;1420,00;1402,10;334,82K;-0,16%
15-jul-19;1413,50;1417,70;1421,60;1409,30;243,38K;0,09%
12-jul-19;1412,20;1406,20;1418,90;1404,50;284,97K;0,39%
11-jul-19;1406,70;1421,10;1429,40;1402,70;400,09K;-0,41%
10-jul-19;1412,50;1400,00;1421,10;1391,80;443,50K;0,86%
9-jul-19;1400,50;1397,90;1402,40;1387,50;287,18K;0,04%
8-jul-19;1400,00;1401,00;1409,90;1393,80;318,69K;-0,01%
4-jul-19;1400,10;1421,60;1426,80;1388,60;577,38K;-1,46%
3-jul-19;1420,90;1424,70;1441,00;1414,70;419,61K;0,92%
2-jul-19;1408,00;1386,20;1424,00;1386,20;383,25K;1,35%
1-jul-19;1389,30;1401,80;1401,90;1384,70;389,76K;-1,73%
28-jun-19;1413,70;1413,30;1427,80;1408,60;306,62K;0,12%
27-jun-19;1412,00;1412,70;1415,30;1401,40;336,36K;-0,24%
26-jun-19;1415,40;1427,20;1427,90;1405,00;421,95K;-0,23%
25-jun-19;1418,70;1423,40;1442,90;1415,10;643,59K;0,04%
24-jun-19;1418,20;1403,90;1425,10;1403,60;375,15K;1,29%
21-jun-19;1400,10;1391,20;1415,40;1386,10;518,89K;0,23%
20-jun-19;1396,90;1364,50;1397,70;1361,30;542,90K;3,57%
19-jun-19;1348,80;1350,40;1366,60;1344,80;332,61K;-0,14%
18-jun-19;1350,70;1343,90;1358,50;1342,10;376,27K;0,58%
17-jun-19;1342,90;1345,50;1347,10;1336,60;238,71K;-0,12%
14-jun-19;1344,50;1346,50;1362,20;1341,40;358,45K;0,06%
13-jun-19;1343,70;1337,80;1347,00;1335,90;204,83K;0,52%
12-jun-19;1336,80;1330,60;1342,30;1329,80;234,46K;0,42%
11-jun-19;1331,20;1331,80;1333,80;1323,60;215,15K;0,14%
10-jun-19;1329,30;1341,20;1341,70;1329,00;228,03K;-1,25%
7-jun-19;1346,10;1339,70;1352,70;1334,30;331,29K;0,25%
6-jun-19;1342,70;1336,10;1344,20;1331,30;263,09K;0,68%
5-jun-19;1333,60;1330,20;1348,90;1329,30;413,47K;0,37%
4-jun-19;1328,70;1329,70;1334,10;1324,70;319,96K;0,06%
3-jun-19;1327,90;1312,50;1333,00;1310,90;363,40K;1,28%
31-may-19;1311,10;1293,20;1311,90;1292,50;341,18K;1,45%
30-may-19;1292,40;1285,10;1293,90;1279,20;284,02K;0,89%
29-may-19;1281,00;1278,90;1285,20;1278,40;189,69K;0,31%
27-may-19;1277,10;1283,50;1286,90;1275,10;362,16K;-0,51%
24-may-19;1283,60;1283,20;1284,70;1280,10;218,71K;-0,14%
23-may-19;1285,40;1273,60;1287,10;1272,10;330,16K;0,88%
22-may-19;1274,20;1274,40;1277,10;1272,00;191,37K;0,08%
21-may-19;1273,20;1277,70;1277,70;1269,00;213,17K;-0,32%
20-may-19;1277,30;1277,60;1278,80;1273,30;212,18K;0,13%
17-may-19;1275,70;1287,20;1289,00;1274,60;264,57K;-0,82%
16-may-19;1286,20;1296,90;1299,30;1284,20;282,07K;-0,89%
15-may-19;1297,80;1298,30;1301,70;1293,60;247,52K;0,12%
14-may-19;1296,30;1302,00;1302,60;1294,30;222,05K;-0,42%
13-may-19;1301,80;1288,40;1302,20;1282,40;379,44K;1,12%
10-may-19;1287,40;1285,10;1290,30;1284,00;238,64K;0,17%
9-may-19;1285,20;1282,90;1289,20;1280,40;306,55K;0,30%
8-may-19;1281,40;1287,40;1292,80;1280,20;302,69K;-0,33%
7-may-19;1285,60;1284,10;1287,30;1279,10;251,09K;0,14%
6-may-19;1283,80;1286,40;1286,40;1278,10;244,34K;0,20%
3-may-19;1281,30;1272,90;1283,90;1269,00;280,32K;0,73%
2-may-19;1272,00;1278,20;1278,40;1267,30;282,50K;-0,95%
1-may-19;1284,20;1284,20;1289,40;1274,50;275,43K;-0,12%
30-abr-19;1285,70;1283,50;1288,20;1281,60;239,44K;0,33%
29-abr-19;1281,50;1287,00;1288,60;1279,90;208,96K;-0,57%
26-abr-19;1288,80;1280,10;1290,90;1276,00;278,89K;0,71%
25-abr-19;1279,70;1276,30;1284,80;1275,40;237,15K;0,02%
24-abr-19;1279,40;1272,30;1280,70;1270,50;246,05K;0,49%
23-abr-19;1273,20;1277,20;1278,50;1267,90;280,34K;-0,34%
22-abr-19;1277,60;1277,90;1281,90;1275,70;136,44K;0,13%
18-abr-19;1276,00;1276,30;1279,70;1273,00;229,63K;-0,06%
17-abr-19;1276,80;1278,70;1282,10;1275,20;223,36K;-0,03%
16-abr-19;1277,20;1290,00;1290,30;1275,50;326,51K;-1,09%
15-abr-19;1291,30;1293,20;1293,50;1285,30;232,99K;-0,30%
12-abr-19;1295,20;1296,80;1299,10;1293,20;192,49K;0,15%
11-abr-19;1293,30;1311,40;1312,10;1292,90;324,74K;-1,57%
10-abr-19;1313,90;1307,60;1314,70;1304,70;218,88K;0,43%
9-abr-19;1308,30;1303,20;1310,40;1301,10;200,34K;0,49%
8-abr-19;1301,90;1297,60;1307,90;1297,00;207,57K;0,49%
5-abr-19;1295,60;1295,80;1297,40;1288,30;231,45K;0,10%
4-abr-19;1294,30;1296,30;1298,70;1284,90;262,54K;-0,08%
3-abr-19;1295,30;1295,60;1299,00;1292,70;190,37K;-0,01%
2-abr-19;1295,40;1292,70;1297,10;1289,50;196,40K;0,09%
1-abr-19;1294,20;1295,90;1301,70;1291,00;236,66K;-0,33%
29-mar-19;1298,50;1296,30;1304,60;1291,30;270,18K;0,25%
28-mar-19;1295,30;1315,90;1317,60;1293,30;426,82K;-1,15%
27-mar-19;1310,40;1316,70;1318,80;1307,30;206,26K;-0,35%
26-mar-19;1315,00;1320,50;1321,90;1312,10;267,17K;-0,57%
25-mar-19;1322,60;1313,20;1324,50;1312,60;251,98K;0,78%
22-mar-19;1312,30;1308,20;1314,70;1307,00;271,38K;0,38%
21-mar-19;1307,30;1316,10;1320,20;1302,80;332,61K;0,43%
20-mar-19;1301,70;1304,30;1317,20;1298,10;370,40K;-0,37%
19-mar-19;1306,50;1304,80;1310,80;1303,40;206,90K;0,38%
18-mar-19;1301,50;1299,30;1306,70;1298,00;176,49K;-0,11%
15-mar-19;1302,90;1295,40;1306,30;1293,70;234,65K;0,60%
14-mar-19;1295,10;1308,10;1308,60;1292,50;248,21K;-1,08%
13-mar-19;1309,30;1303,70;1311,60;1303,40;214,24K;0,86%
12-mar-19;1298,10;1293,10;1302,60;1292,90;203,89K;0,54%
11-mar-19;1291,10;1298,50;1299,20;1290,60;196,86K;-0,63%
8-mar-19;1299,30;1286,80;1301,30;1286,50;283,84K;1,03%
7-mar-19;1286,10;1288,60;1289,60;1280,80;257,92K;-0,12%
6-mar-19;1287,60;1288,50;1291,80;1284,30;192,93K;0,23%
5-mar-19;1284,70;1288,50;1290,60;1282,00;216,93K;-0,22%
4-mar-19;1287,50;1297,40;1298,10;1283,80;268,39K;-0,90%
1-mar-19;1299,20;1315,90;1315,90;1291,30;343,47K;-1,28%
28-feb-19;1316,10;1319,60;1328,90;1314,00;252,24K;-0,39%
27-feb-19;1321,20;1331,00;1331,10;1318,40;198,04K;-0,55%
26-feb-19;1328,50;1329,90;1332,40;1325,50;185,56K;-0,08%
25-feb-19;1329,50;1332,70;1334,90;1327,30;181,78K;-0,25%
22-feb-19;1332,80;1327,20;1335,60;1323,80;241,80K;0,38%
21-feb-19;1327,80;1340,50;1343,70;1323,30;285,81K;-1,49%
20-feb-19;1347,90;1347,80;1349,80;1339,80;246,72K;0,23%
18-feb-19;1344,80;1327,90;1345,00;1324,40;348,64K;1,72%
15-feb-19;1322,10;1314,70;1325,80;1314,30;200,28K;0,62%
14-feb-19;1313,90;1311,80;1317,40;1304,70;228,46K;-0,09%
13-feb-19;1315,10;1315,20;1321,70;1308,10;213,96K;0,08%
12-feb-19;1314,00;1311,40;1318,30;1310,70;146,45K;-0,34%
8-feb-19;1318,50;1313,20;1319,50;1311,50;150,61K;0,33%
7-feb-19;1314,20;1308,10;1315,80;1306,40;166,76K;-0,02%
6-feb-19;1314,40;1317,60;1319,70;1309,60;137,25K;-0,36%
5-feb-19;1319,20;1317,10;1321,00;1314,80;129,01K;-0,01%
4-feb-19;1319,30;1319,60;1320,10;1312,70;159,56K;-0,21%
1-feb-19;1322,10;1323,00;1328,20;1320,60;200,00K;-0,23%
31-ene-19;1325,20;1323,00;1331,10;1322,60;224,75K;0,74%
30-ene-19;1315,50;1318,40;1328,60;1313,50;272,11K;0,50%
29-ene-19;1308,90;1302,20;1310,80;1302,00;213,61K;0,45%
28-ene-19;1303,10;1301,00;1303,70;1296,50;243,07K;0,39%
25-ene-19;1298,10;1279,20;1303,40;1278,90;303,84K;1,43%
24-ene-19;1279,80;1283,60;1283,60;1275,30;225,77K;-0,33%
23-ene-19;1284,00;1284,40;1286,00;1277,70;217,13K;0,05%
21-ene-19;1283,40;1282,40;1285,00;1276,00;318,85K;0,06%
18-ene-19;1282,60;1290,40;1292,00;1280,10;225,57K;-0,75%
17-ene-19;1292,30;1294,60;1295,00;1288,30;191,98K;-0,12%
16-ene-19;1293,80;1289,10;1295,40;1287,60;181,39K;0,42%
15-ene-19;1288,40;1293,10;1294,80;1286,50;242,07K;-0,22%
14-ene-19;1291,30;1292,70;1296,60;1288,60;221,89K;0,14%
11-ene-19;1289,50;1290,20;1295,70;1287,20;210,64K;0,16%
10-ene-19;1287,40;1293,60;1298,00;1286,70;239,92K;-0,36%
9-ene-19;1292,00;1287,00;1295,00;1280,90;245,97K;0,47%
8-ene-19;1285,90;1287,40;1288,40;1280,20;221,92K;-0,31%
7-ene-19;1289,90;1290,20;1297,00;1287,30;204,68K;0,32%
4-ene-19;1285,80;1298,90;1300,00;1278,10;316,06K;-0,70%
3-ene-19;1294,80;1290,40;1296,90;1286,40;244,54K;0,83%
2-ene-19;1284,10;1285,00;1291,00;1280,60;235,33K;0,22%
